trade_id,symbol,side,entry_ts_ms,exit_ts_ms,entry_ts_utc,exit_ts_utc,entry_price,exit_price,stop_price,target_price,qty,hold_bars,exit_reason,gross_pnl,realized_pnl,fees,slippage_cost,funding,mae,mfe
1,BTCUSDT,long,1578279600000,1578355200000,2020-01-06T03:00:00+00:00,2020-01-07T00:00:00+00:00,7552.4,7929.8,7421.6,7929.8,0.001,21,target,0.37740000000000057,0.3688847900000006,0.00851521,0.0037999999999992723,0.0,-0.07065999999999986,0.46251000000000025
2,BTCUSDT,long,1578416400000,1578438000000,2020-01-07T17:00:00+00:00,2020-01-07T23:00:00+00:00,7921.7,8208.0,7819.0,8208.0,0.001,6,target,0.28630000000000017,0.2774286650000002,0.008871335000000001,0.004010000000000218,0.0,-0.03835999999999967,0.2936300000000001
3,BTCUSDT,long,1578963600000,1578974400000,2020-01-14T01:00:00+00:00,2020-01-14T04:00:00+00:00,8281.5,8593.7,8171.9,8593.7,0.001,3,target,0.31220000000000075,0.30291864000000074,0.00928136,0.004170000000000073,0.0,-0.006389999999999418,0.31677000000000044
4,BTCUSDT,long,1579399200000,1579431600000,2020-01-19T02:00:00+00:00,2020-01-19T11:00:00+00:00,9159.1,9002.1,9002.1,9610.5,0.001,9,stop,-0.157,-0.16698866,0.00998866,0.004640000000001237,0.0,-0.6541000000000003,0.04619999999999891
5,BTCUSDT,short,1579435200000,1579564800000,2020-01-19T12:00:00+00:00,2020-01-21T00:00:00+00:00,8699.0,8650.0,8809.7,8390.4,0.001,36,max_hold,0.049,0.03945805,0.00954195,0.0044400000000005095,0.0,-0.06193000000000029,0.25809000000000015
6,BTCUSDT,short,1579636800000,1579636800000,2020-01-21T20:00:00+00:00,2020-01-21T20:00:00+00:00,8531.8,8591.3,8591.3,8372.2,0.001,0,stop_entry_bar,-0.059500000000000004,-0.068917705,0.009417704999999998,0.00431000000000131,0.0,-0.1965,0.0
7,BTCUSDT,long,1579640400000,1579755600000,2020-01-21T21:00:00+00:00,2020-01-23T05:00:00+00:00,8728.3,8550.2,8550.2,9246.8,0.001,32,stop,-0.17809999999999854,-0.18760317499999854,0.009503174999999999,0.004459999999999127,0.0,-0.22429999999999928,0.09170000000000073
8,BTCUSDT,long,1580256000000,1580385600000,2020-01-29T00:00:00+00:00,2020-01-30T12:00:00+00:00,9404.5,9350.2,9106.9,10275.3,0.001,36,max_hold,-0.05429999999999927,-0.06461508499999927,0.010315085000000002,0.004780000000000655,0.0,-0.19407999999999992,0.05602000000000044
9,BTCUSDT,long,1580900400000,1580925600000,2020-02-05T11:00:00+00:00,2020-02-05T18:00:00+00:00,9394.7,9784.8,9258.2,9784.8,0.001,7,target,0.39009999999999856,0.3795512749999986,0.010548725,0.004740000000001601,0.0,-0.02470000000000073,0.4043799999999992
10,BTCUSDT,short,1581314400000,1581314400000,2020-02-10T06:00:00+00:00,2020-02-10T06:00:00+00:00,9845.0,9957.2,9957.2,9528.3,0.001,0,stop_entry_bar,-0.11220000000000073,-0.12309121000000073,0.010891210000000002,0.004940000000000509,0.0,-0.1895599999999995,0.005
11,BTCUSDT,long,1581436800000,1581566400000,2020-02-11T16:00:00+00:00,2020-02-13T04:00:00+00:00,10210.0,10395.2,10008.5,10792.2,0.001,36,max_hold,0.18520000000000073,0.17386714000000072,0.011332860000000002,0.005110000000000582,0.0,-0.00825,0.26997999999999955
12,BTCUSDT,short,1582149600000,1582257600000,2020-02-19T22:00:00+00:00,2020-02-21T04:00:00+00:00,9615.4,9736.4,9736.4,9258.9,0.001,30,stop,-0.121,-0.13164349,0.01064349,0.004909999999999855,0.0,-0.12460000000000036,0.2328099999999995
13,BTCUSDT,long,1582430400000,1582509600000,2020-02-23T04:00:00+00:00,2020-02-24T02:00:00+00:00,9798.7,9692.7,9692.7,10097.2,0.001,22,stop,-0.106,-0.11672027,0.01072027,0.004900000000001455,0.0,-0.23870000000000074,0.22019999999999892
14,BTCUSDT,short,1582513200000,1582513200000,2020-02-24T03:00:00+00:00,2020-02-24T03:00:00+00:00,9740.7,9777.4,9777.4,9654.6,0.001,0,stop_entry_bar,-0.03669999999999891,-0.047434954999998905,0.010734955000000001,0.0049599999999991266,0.0,-0.04581999999999971,0.009840000000000146
15,BTCUSDT,long,1583402400000,1583532000000,2020-03-05T10:00:00+00:00,2020-03-06T22:00:00+00:00,9090.8,9121.5,8904.5,9631.2,0.001,36,max_hold,0.030700000000000727,0.020683235000000726,0.010016765,0.004639999999999418,0.0,-0.09665999999999986,0.08895000000000072
16,BTCUSDT,short,1583604000000,1583676000000,2020-03-07T18:00:00+00:00,2020-03-08T14:00:00+00:00,8931.5,8578.2,9055.3,8578.2,0.001,20,target,0.3532999999999993,0.3436696649999993,0.009630335,0.0045000000000000005,0.0,-0.004520000000000437,0.3685
17,BTCUSDT,short,1583683200000,1583708400000,2020-03-08T16:00:00+00:00,2020-03-08T23:00:00+00:00,8395.7,8056.200000000001,8514.6,8056.2,0.001,7,target,0.3395000000000009,0.3304514550000009,0.009048545000000002,0.004289999999999054,0.0,-0.005789999999999055,0.3980000000000009
18,BTCUSDT,short,1583856000000,1583870400000,2020-03-10T16:00:00+00:00,2020-03-10T20:00:00+00:00,7769.5,8005.900000000001,8005.9,7078.9,0.001,4,stop,-0.23639999999999964,-0.24507646999999963,0.008676470000000002,0.0038900000000003277,0.0,-0.2655,0.0365
19,BTCUSDT,short,1584010800000,1584010800000,2020-03-12T11:00:00+00:00,2020-03-12T11:00:00+00:00,5971.2,6022.2,6022.2,5857.6,0.001,0,stop_entry_bar,-0.051000000000000004,-0.05759637,0.00659637,0.0030399999999999637,0.0,-0.5288000000000002,0.2462399999999998
20,BTCUSDT,long,1584309600000,1584309600000,2020-03-15T22:00:00+00:00,2020-03-15T22:00:00+00:00,5906.7,5458.0,5458.0,7239.6,0.001,0,stop_entry_bar,-0.4486999999999998,-0.4549505849999998,0.006250585000000001,0.0030299999999997456,0.0,-0.6566999999999998,0.007300000000000182
21,BTCUSDT,short,1584313200000,1584442800000,2020-03-15T23:00:00+00:00,2020-03-17T11:00:00+00:00,5360.7,5292.3,5758.1,4181.4,0.001,36,max_hold,0.06839999999999964,0.06254084999999965,0.0058591500000000005,0.0027700000000004366,0.0,-0.08757999999999994,0.9470799999999999
22,BTCUSDT,long,1584968400000,1585098000000,2020-03-23T13:00:00+00:00,2020-03-25T01:00:00+00:00,6324.2,6696.8,5938.2,7469.6,0.001,36,max_hold,0.3726000000000004,0.36543845000000036,0.007161550000000001,0.003170000000000073,0.0,-0.1875699999999997,0.5158000000000001
23,BTCUSDT,short,1585353600000,1585483200000,2020-03-28T00:00:00+00:00,2020-03-29T12:00:00+00:00,6350.4,6136.1,6478.2,5980.0,0.001,36,max_hold,0.21429999999999927,0.20743242499999925,0.006867575000000001,0.003240000000000691,0.0,-0.004340000000000146,0.34639999999999965
24,BTCUSDT,short,1585512000000,1585544400000,2020-03-29T20:00:00+00:00,2020-03-30T05:00:00+00:00,5893.9,6094.7,6094.7,5301.9,0.001,9,stop,-0.20080000000000017,-0.20739373000000016,0.00659373,0.0030100000000002182,0.0,-0.35110000000000036,0.043899999999999634
25,BTCUSDT,short,1586001600000,1586030400000,2020-04-04T12:00:00+00:00,2020-04-04T20:00:00+00:00,6688.8,6834.5,6834.5,6267.2,0.001,8,stop,-0.14569999999999983,-0.15313781499999984,0.007437815,0.0033599999999996727,0.0,-0.33119999999999983,0.03093000000000029
26,BTCUSDT,short,1586433600000,1586437200000,2020-04-09T12:00:00+00:00,2020-04-09T13:00:00+00:00,7176.4,7305.5,7305.5,6802.5,0.001,1,stop,-0.12910000000000035,-0.13706504500000036,0.007965045,0.0036000000000003638,0.0,-0.16303000000000065,0.07042000000000008
27,BTCUSDT,short,1586498400000,1586628000000,2020-04-10T06:00:00+00:00,2020-04-11T18:00:00+00:00,6949.2,6783.8,7101.3,6504.4,0.001,36,max_hold,0.16539999999999963,0.15784684999999962,0.007553150000000001,0.003489999999999782,0.0,-0.04919999999999982,0.20819999999999983
28,BTCUSDT,long,1586710800000,1586728800000,2020-04-12T17:00:00+00:00,2020-04-12T22:00:00+00:00,7141.9,6990.1,6990.1,7582.8,0.001,5,stop,-0.15179999999999927,-0.15957259999999926,0.007772600000000001,0.0036299999999992,0.0,-0.19089999999999965,0.03207999999999993
29,BTCUSDT,long,1587024000000,1587153600000,2020-04-16T08:00:00+00:00,2020-04-17T20:00:00+00:00,6891.8,7068.3,6739.4,7335.1,0.001,36,max_hold,0.1765,0.168821945,0.007678055000000001,0.0034499999999998182,0.0,-0.027210000000000036,0.2991199999999999
30,BTCUSDT,short,1587405600000,1587535200000,2020-04-20T18:00:00+00:00,2020-04-22T06:00:00+00:00,6866.3,6896.2,7054.5,6316.2,0.001,36,max_hold,-0.029899999999999635,-0.03746937499999964,0.0075693750000000014,0.0035,0.0,-0.13069999999999982,0.13035000000000035
31,BTCUSDT,long,1587564000000,1587650400000,2020-04-22T14:00:00+00:00,2020-04-23T14:00:00+00:00,7059.8,7354.7,6956.7,7354.7,0.001,24,target,0.29489999999999966,0.2869720249999997,0.007927975,0.0035600000000004,0.0,-0.03980000000000018,0.7425799999999999
32,BTCUSDT,long,1587654000000,1587654000000,2020-04-23T15:00:00+00:00,2020-04-23T15:00:00+00:00,7542.4,7514.4,7514.4,7611.2,0.001,0,stop_entry_bar,-0.028,-0.03628124,0.00828124,0.003819999999999709,0.0,-0.08176999999999952,0.012600000000000364
33,BTCUSDT,long,1588179600000,1588179600000,2020-04-29T17:00:00+00:00,2020-04-29T17:00:00+00:00,8598.9,8943.4,8477.4,8943.4,0.001,0,target_entry_bar,0.34450000000000003,0.33485173500000004,0.009648265000000001,0.004359999999998763,0.0,-0.018899999999999636,0.3897600000000002
34,BTCUSDT,short,1589130000000,1589130000000,2020-05-10T17:00:00+00:00,2020-05-10T17:00:00+00:00,8263.8,8470.4,8470.4,7670.1,0.001,0,stop_entry_bar,-0.20660000000000037,-0.21580381000000037,0.00920381,0.004159999999999855,0.0,-0.28620000000000073,0.0
35,BTCUSDT,long,1589720400000,1589788800000,2020-05-17T13:00:00+00:00,2020-05-18T08:00:00+00:00,9772.3,9506.1,9506.1,10550.1,0.001,19,stop,-0.26619999999999894,-0.27680311999999896,0.01060312,0.004979999999999564,0.0,-0.32229999999999925,0.1863700000000008
36,BTCUSDT,long,1589878800000,1589986800000,2020-05-19T09:00:00+00:00,2020-05-20T15:00:00+00:00,9805.5,9532.7,9532.7,10603.0,0.001,30,stop,-0.27279999999999927,-0.2834360099999993,0.010636010000000001,0.004989999999999782,0.0,-0.52408,0.0945
37,BTCUSDT,short,1589990400000,1590004800000,2020-05-20T16:00:00+00:00,2020-05-20T20:00:00+00:00,9405.3,9576.9,9576.9,8909.6,0.001,4,stop,-0.17160000000000036,-0.18204021000000037,0.01044021,0.004720000000001164,0.0,-0.18940000000000146,0.05229999999999927
38,BTCUSDT,short,1590321600000,1590364800000,2020-05-24T12:00:00+00:00,2020-05-25T00:00:00+00:00,9106.4,8644.1,9267.0,8644.1,0.001,12,target,0.46229999999999927,0.45253722499999927,0.009762775000000001,0.004640000000001237,0.0,-0.07004000000000088,0.48302000000000045
39,BTCUSDT,long,1590577200000,1590674400000,2020-05-27T11:00:00+00:00,2020-05-28T14:00:00+00:00,9127.3,9476.7,9004.6,9476.7,0.001,27,target,0.3494000000000015,0.33916780000000146,0.0102322,0.004649999999999636,0.0,-0.08119999999999891,0.36970000000000075
40,BTCUSDT,long,1590879600000,1590897600000,2020-05-30T23:00:00+00:00,2020-05-31T04:00:00+00:00,9730.1,9540.6,9540.6,10278.7,0.001,5,stop,-0.1895,-0.200098885,0.010598885000000002,0.004960000000000946,0.0,-0.21510000000000037,0.007899999999999636
41,BTCUSDT,long,1591056000000,1591056000000,2020-06-02T00:00:00+00:00,2020-06-02T00:00:00+00:00,10237.6,10163.5,10163.5,10439.4,0.001,0,stop_entry_bar,-0.07410000000000036,-0.08532060500000035,0.011220605000000002,0.005190000000000509,0.0,-0.10260000000000037,0.02469999999999891
42,BTCUSDT,short,1591110000000,1591110000000,2020-06-02T15:00:00+00:00,2020-06-02T15:00:00+00:00,9579.6,9308.1,9676.6,9308.1,0.001,0,target_entry_bar,0.2715,0.261111765,0.010388235000000003,0.004869999999998981,0.0,-0.020399999999999637,0.31545000000000073
43,BTCUSDT,long,1591560000000,1591660800000,2020-06-07T20:00:00+00:00,2020-06-09T00:00:00+00:00,9778.5,9557.0,9557.0,10415.9,0.001,28,stop,-0.2215,-0.232134525,0.010634525000000002,0.004979999999999564,0.0,-0.22846999999999934,0.1115
44,BTCUSDT,short,1591894800000,1591894800000,2020-06-11T17:00:00+00:00,2020-06-11T17:00:00+00:00,9086.7,9376.4,9376.4,8203.0,0.001,0,stop_entry_bar,-0.2896999999999989,-0.2998547049999989,0.010154705000000002,0.004579999999999927,0.0,-0.31028999999999907,0.03163000000000102
45,BTCUSDT,long,1592845200000,1592974800000,2020-06-22T17:00:00+00:00,2020-06-24T05:00:00+00:00,9589.6,9658.7,9490.1,9868.8,0.001,36,max_hold,0.06910000000000037,0.05851343500000036,0.010586565000000003,0.004840000000000145,0.0,-0.04855000000000109,0.20539999999999964
46,BTCUSDT,short,1592985600000,1593054000000,2020-06-24T08:00:00+00:00,2020-06-25T03:00:00+00:00,9514.1,9166.4,9636.5,9166.4,0.001,19,target,0.34770000000000073,0.33742572500000073,0.010274275,0.0047799999999988355,0.0,-0.041729999999999566,0.5091000000000003
47,BTCUSDT,short,1593288000000,1593291600000,2020-06-27T20:00:00+00:00,2020-06-27T21:00:00+00:00,8928.4,9006.7,9006.7,8711.5,0.001,1,stop,-0.07830000000000109,-0.0881643050000011,0.009864305,0.004530000000000655,0.0,-0.17009000000000016,0.03936999999999898
48,BTCUSDT,short,1593705600000,1593723600000,2020-07-02T16:00:00+00:00,2020-07-02T21:00:00+00:00,9045.0,9149.3,9149.3,8750.5,0.001,5,stop,-0.10429999999999927,-0.11430686499999927,0.010006865,0.0046200000000008005,0.0,-0.105,0.109
49,BTCUSDT,long,1593885600000,1593889200000,2020-07-04T18:00:00+00:00,2020-07-04T19:00:00+00:00,9174.6,9119.5,9119.5,9321.4,0.001,1,stop,-0.055100000000000364,-0.06516175500000036,0.010061755,0.004630000000001019,0.0,-0.06565999999999986,0.017049999999999274
50,BTCUSDT,long,1594018800000,1594148400000,2020-07-06T07:00:00+00:00,2020-07-07T19:00:00+00:00,9226.7,9272.0,9096.1,9599.8,0.001,36,max_hold,0.04529999999999927,0.035125714999999266,0.010174285000000002,0.004700000000000728,0.0,-0.05570000000000073,0.15329999999999927
51,BTCUSDT,long,1594216800000,1594303200000,2020-07-08T14:00:00+00:00,2020-07-09T14:00:00+00:00,9437.8,9334.2,9334.2,9729.5,0.001,24,stop,-0.10359999999999854,-0.11392459999999854,0.0103246,0.004799999999999273,0.0,-0.17079999999999929,0.03220000000000073
52,BTCUSDT,short,1594306800000,1594436400000,2020-07-09T15:00:00+00:00,2020-07-11T03:00:00+00:00,9293.3,9278.2,9383.2,9044.0,0.001,36,max_hold,0.015099999999998545,0.004885674999998542,0.010214325000000003,0.004730000000001382,0.0,-0.02394000000000051,0.1718799999999992
53,BTCUSDT,long,1595318400000,1595336400000,2020-07-21T08:00:00+00:00,2020-07-21T13:00:00+00:00,9319.7,9437.7,9273.9,9437.7,0.001,5,target,0.11800000000000001,0.10768343000000001,0.01031657,0.004700000000000728,0.0,-0.01969000000000051,0.11989999999999963
54,BTCUSDT,long,1595458800000,1595588400000,2020-07-22T23:00:00+00:00,2020-07-24T11:00:00+00:00,9505.3,9543.7,9436.8,9691.5,0.001,36,max_hold,0.038400000000001454,0.02792305000000145,0.010476950000000002,0.004809999999999491,0.0,-0.0654399999999987,0.17302000000000045
55,BTCUSDT,long,1595822400000,1595869200000,2020-07-27T04:00:00+00:00,2020-07-27T17:00:00+00:00,10282.4,10843.4,10088.5,10843.4,0.001,13,target,0.561,0.54938081,0.01161919,0.005180000000000291,0.0,-0.15340999999999985,0.7148400000000001
56,BTCUSDT,short,1596344400000,1596344400000,2020-08-02T05:00:00+00:00,2020-08-02T05:00:00+00:00,11179.4,11198.3,11198.3,11145.1,0.001,0,stop_entry_bar,-0.018899999999999636,-0.031207734999999636,0.012307735,0.005600000000000364,0.0,-0.2430599999999995,0.0525
57,BTCUSDT,short,1597057200000,1597057200000,2020-08-10T11:00:00+00:00,2020-08-10T11:00:00+00:00,11685.9,11757.7,11757.7,11496.0,0.001,0,stop_entry_bar,-0.0718000000000011,-0.0846939800000011,0.012893980000000003,0.005920000000000073,0.0,-0.07410000000000036,0.00025
58,BTCUSDT,long,1597672800000,1597759200000,2020-08-17T14:00:00+00:00,2020-08-18T14:00:00+00:00,12139.0,11969.6,11969.6,12622.7,0.001,24,stop,-0.16939999999999963,-0.18265972999999963,0.01325973,0.006090000000000146,0.0,-0.329,0.3604200000000001
59,BTCUSDT,short,1597762800000,1597892400000,2020-08-18T15:00:00+00:00,2020-08-20T03:00:00+00:00,11948.4,11747.1,12151.1,11362.4,0.001,36,max_hold,0.20129999999999929,0.1882674749999993,0.013032525000000001,0.006059999999999491,0.0,-0.15160000000000037,0.373619999999999
60,BTCUSDT,long,1598752800000,1598882400000,2020-08-30T02:00:00+00:00,2020-08-31T14:00:00+00:00,11629.3,11720.9,11511.2,11960.1,0.001,36,max_hold,0.09160000000000036,0.07875739000000036,0.01284261,0.005889999999999418,0.0,-0.07329999999999927,0.15490999999999985
61,BTCUSDT,short,1599138000000,1599174000000,2020-09-03T13:00:00+00:00,2020-09-03T23:00:00+00:00,10821.0,10270.5,11011.6,10270.5,0.001,10,target,0.5505,0.538899675,0.011600325000000002,0.005450000000000728,0.0,-0.11072999999999956,0.9198400000000002
62,BTCUSDT,short,1599177600000,1599249600000,2020-09-04T00:00:00+00:00,2020-09-04T20:00:00+00:00,10136.3,10603.8,10603.8,8753.0,0.001,20,stop,-0.4675,-0.478907055,0.011407055,0.005100000000000364,0.0,-0.4709099999999999,0.25764999999999966
63,BTCUSDT,long,1599969600000,1599994800000,2020-09-13T04:00:00+00:00,2020-09-13T11:00:00+00:00,10560.0,10406.4,10406.4,10994.8,0.001,7,stop,-0.15360000000000038,-0.16513152000000036,0.01153152,0.005340000000000146,0.0,-0.2558600000000006,0.02
64,BTCUSDT,short,1599998400000,1600070400000,2020-09-13T12:00:00+00:00,2020-09-14T08:00:00+00:00,10317.8,10444.4,10444.4,9956.7,0.001,20,stop,-0.12660000000000038,-0.1380192100000004,0.01141921,0.00525,0.0,-0.13759000000000016,0.10878999999999905
65,BTCUSDT,long,1600516800000,1600538400000,2020-09-19T12:00:00+00:00,2020-09-19T18:00:00+00:00,11136.3,11018.1,11018.1,11468.6,0.001,6,stop,-0.11819999999999892,-0.1303849199999989,0.012184920000000002,0.0055999999999985445,0.0,-0.13589999999999963,0.04070000000000073
66,BTCUSDT,short,1600682400000,1600812000000,2020-09-21T10:00:00+00:00,2020-09-22T22:00:00+00:00,10690.9,10541.6,10873.0,10165.9,0.001,36,max_hold,0.14929999999999927,0.13762212499999926,0.011677875,0.0053800000000010185,0.0,-0.0445,0.40989999999999965
67,BTCUSDT,short,1600891200000,1600945200000,2020-09-23T20:00:00+00:00,2020-09-24T11:00:00+00:00,10283.8,10417.3,10417.3,9904.0,0.001,15,stop,-0.1335,-0.144885605,0.011385605,0.005180000000000291,0.0,-0.14920000000000072,0.15159000000000014
68,BTCUSDT,short,1601190000000,1601218800000,2020-09-27T07:00:00+00:00,2020-09-27T15:00:00+00:00,10649.5,10746.6,10746.6,10379.3,0.001,8,stop,-0.09710000000000037,-0.10886785500000037,0.011767855,0.0053799999999992,0.0,-0.114,0.0655
69,BTCUSDT,short,1601337600000,1601420400000,2020-09-29T00:00:00+00:00,2020-09-29T23:00:00+00:00,10686.5,10817.6,10817.6,10312.9,0.001,23,stop,-0.13110000000000036,-0.14292725500000036,0.011827255000000002,0.0054400000000005095,0.0,-0.17744000000000051,0.05501000000000022
70,BTCUSDT,short,1601568000000,1601697600000,2020-10-01T16:00:00+00:00,2020-10-03T04:00:00+00:00,10705.0,10548.1,10847.3,10299.6,0.001,36,max_hold,0.15689999999999965,0.14521079499999964,0.011689205000000001,0.005360000000000582,0.0,-0.008,0.3339699999999994
71,BTCUSDT,long,1602165600000,1602241200000,2020-10-08T14:00:00+00:00,2020-10-09T11:00:00+00:00,10737.3,11088.2,10613.1,11088.2,0.001,21,target,0.3509000000000015,0.33889597500000146,0.012004025000000001,0.005439999999998691,0.0,-0.030049999999999272,0.37270000000000075
72,BTCUSDT,long,1602298800000,1602320400000,2020-10-10T03:00:00+00:00,2020-10-10T09:00:00+00:00,11396.7,11285.4,11285.4,11707.4,0.001,6,stop,-0.11130000000000109,-0.1237751550000011,0.012475155000000002,0.005780000000000655,0.0,-0.1216900000000005,0.09729999999999928
73,BTCUSDT,long,1602511200000,1602594000000,2020-10-12T14:00:00+00:00,2020-10-13T13:00:00+00:00,11497.8,11328.0,11328.0,11984.1,0.001,23,stop,-0.16979999999999928,-0.18235418999999928,0.01255419,0.005799999999999273,0.0,-0.17779999999999926,0.23420000000000074
74,BTCUSDT,short,1602824400000,1602954000000,2020-10-16T05:00:00+00:00,2020-10-17T17:00:00+00:00,11269.5,11325.2,11424.8,10826.4,0.001,36,max_hold,-0.05570000000000073,-0.06812708500000073,0.012427085000000001,0.005659999999999854,0.0,-0.15459000000000014,0.0545
75,BTCUSDT,long,1603116000000,1603191600000,2020-10-19T14:00:00+00:00,2020-10-20T11:00:00+00:00,11641.2,11915.7,11542.0,11915.7,0.001,21,target,0.2745,0.261543705,0.012956295000000003,0.005820000000001528,0.0,-0.03565000000000146,0.2964299999999985
76,BTCUSDT,short,1603605600000,1603674000000,2020-10-25T06:00:00+00:00,2020-10-26T01:00:00+00:00,12941.1,13066.3,13066.3,12591.8,0.001,19,stop,-0.12519999999999892,-0.13950406999999893,0.014304070000000002,0.0065499999999992725,0.0,-0.15589999999999965,0.05368000000000029
77,BTCUSDT,long,1603800000000,1603886400000,2020-10-27T12:00:00+00:00,2020-10-28T12:00:00+00:00,13455.6,13264.5,13264.5,14001.8,0.001,24,stop,-0.19110000000000038,-0.20579605500000037,0.014696055,0.00675,0.0,-0.2991800000000003,0.40739999999999965
78,BTCUSDT,short,1604307600000,1604408400000,2020-11-02T09:00:00+00:00,2020-11-03T13:00:00+00:00,13436.9,13728.0,13728.0,12590.5,0.001,28,stop,-0.29110000000000036,-0.30604069500000036,0.014940695,0.006729999999999564,0.0,-0.30209000000000014,0.24189999999999964
79,BTCUSDT,short,1606827600000,1606834800000,2020-12-01T13:00:00+00:00,2020-12-01T15:00:00+00:00,18565.4,19443.0,19443.0,15952.3,0.001,2,stop,-0.8775999999999986,-0.8985046199999986,0.020904620000000002,0.009309999999997673,0.0,-0.9345999999999985,0.5154000000000014
80,BTCUSDT,short,1607079600000,1607209200000,2020-12-04T11:00:00+00:00,2020-12-05T23:00:00+00:00,18968.3,19022.8,19375.7,17784.2,0.001,36,max_hold,-0.0545,-0.075395105,0.020895105,0.009520000000000436,0.0,-0.23515999999999987,0.45829999999999926
81,BTCUSDT,short,1607421600000,1607497200000,2020-12-08T10:00:00+00:00,2020-12-09T07:00:00+00:00,18782.1,17956.7,19070.4,17956.7,0.001,21,target,0.8253999999999978,0.8051936599999978,0.020206340000000003,0.009400000000001456,0.0,-0.19209000000000015,0.9320999999999986
82,BTCUSDT,long,1608116400000,1608134400000,2020-12-16T11:00:00+00:00,2020-12-16T16:00:00+00:00,19821.6,20888.1,19452.8,20888.1,0.001,5,target,1.0665,1.044109665,0.022390335,0.00994999999999709,0.0,-0.17859000000000014,1.0694000000000015
83,BTCUSDT,short,1608501600000,1608523200000,2020-12-20T22:00:00+00:00,2020-12-21T04:00:00+00:00,23384.3,24064.2,24064.2,21394.8,0.001,6,stop,-0.6799000000000015,-0.7059966750000015,0.026096675,0.011700000000000727,0.0,-0.7607000000000007,0.30804999999999927
84,BTCUSDT,short,1608548400000,1608645600000,2020-12-21T11:00:00+00:00,2020-12-22T14:00:00+00:00,22460.3,23636.2,23636.2,18977.9,0.001,27,stop,-1.1759000000000015,-1.2012530750000014,0.025353075000000003,0.011319999999999709,0.0,-1.2097000000000007,0.5402999999999993
85,BTCUSDT,long,1608728400000,1608760800000,2020-12-23T13:00:00+00:00,2020-12-23T22:00:00+00:00,23881.1,23081.6,23081.6,26236.7,0.001,9,stop,-0.7995,-0.825329485,0.025829485,0.01194999999999709,0.0,-1.308579999999998,0.3543199999999997
86,BTCUSDT,long,1608897600000,1608904800000,2020-12-25T12:00:00+00:00,2020-12-25T14:00:00+00:00,24617.6,23961.5,23961.5,26536.3,0.001,2,stop,-0.6560999999999986,-0.6828185049999986,0.026718505000000004,0.012379999999997381,0.0,-0.9095999999999985,0.05617000000000189
87,BTCUSDT,long,1609592400000,1609603200000,2021-01-02T13:00:00+00:00,2021-01-02T16:00:00+00:00,30675.5,32603.500000000004,30012.3,32603.5,0.001,3,target,1.928,1.8931965499999999,0.03480345000000001,0.015389999999999418,0.0,-0.1055,2.4511699999999985
88,BTCUSDT,long,1611910800000,1611946800000,2021-01-29T09:00:00+00:00,2021-01-29T19:00:00+00:00,36406.6,34130.5,34130.5,43199.7,0.001,10,stop,-2.2760999999999987,-2.314895404999999,0.038795405000000005,0.018209999999999126,0.0,-2.8855999999999984,2.2345
89,BTCUSDT,long,1612789200000,1612918800000,2021-02-08T13:00:00+00:00,2021-02-10T01:00:00+00:00,43527.7,46608.4,41545.4,49388.1,0.001,36,max_hold,3.080700000000004,3.0311251450000043,0.049574855,0.021799999999995635,0.0,-1.0576999999999972,4.738660000000004
90,BTCUSDT,long,1613282400000,1613354400000,2021-02-14T06:00:00+00:00,2021-02-15T02:00:00+00:00,49050.0,47556.4,47556.4,53437.2,0.001,20,stop,-1.4935999999999985,-1.5467335199999985,0.053133520000000004,0.02455999999999767,0.0,-3.700790000000001,0.8251600000000036
91,BTCUSDT,long,1615633200000,1615762800000,2021-03-13T11:00:00+00:00,2021-03-14T23:00:00+00:00,59578.8,60274.7,57806.3,64795.4,0.001,36,max_hold,0.6958999999999942,0.6299805749999942,0.065919425,0.02985000000000582,0.0,-0.573800000000003,2.3711999999999973
92,BTCUSDT,long,1616007600000,1616137200000,2021-03-17T19:00:00+00:00,2021-03-19T07:00:00+00:00,57642.9,58183.9,54957.5,65584.3,0.001,36,max_hold,0.541,0.47729526,0.06370474000000001,0.028900000000001456,0.0,-1.3416300000000048,2.8670999999999984
93,BTCUSDT,long,1616864400000,1616994000000,2021-03-27T17:00:00+00:00,2021-03-29T05:00:00+00:00,56208.1,55353.3,54627.8,60836.6,0.001,36,max_hold,-0.8547999999999957,-0.9161587699999957,0.06135877000000001,0.028089999999996507,0.0,-1.5131899999999952,0.4506600000000035
94,BTCUSDT,long,1617174000000,1617174000000,2021-03-31T07:00:00+00:00,2021-03-31T07:00:00+00:00,59804.8,58701.7,58701.7,62994.4,0.001,0,stop_entry_bar,-1.1031000000000057,-1.1682785750000058,0.06517857500000002,0.029930000000000293,0.0,-2.404800000000003,0.09065999999999622
95,BTCUSDT,long,1617634800000,1617717600000,2021-04-05T15:00:00+00:00,2021-04-06T14:00:00+00:00,59292.3,57879.6,57879.6,63414.6,0.001,23,stop,-1.4127000000000043,-1.4771445450000042,0.064444545,0.029720000000001166,0.0,-1.792300000000003,0.3338799999999974
96,BTCUSDT,long,1618030800000,1618056000000,2021-04-10T05:00:00+00:00,2021-04-10T12:00:00+00:00,61282.8,60264.2,60264.2,64215.9,0.001,7,stop,-1.018600000000006,-1.085450850000006,0.06685085,0.03067000000000553,0.0,-1.2598700000000027,0.2721999999999971
97,BTCUSDT,long,1618304400000,1618434000000,2021-04-13T09:00:00+00:00,2021-04-14T21:00:00+00:00,62857.6,62473.3,61273.2,67484.8,0.001,36,max_hold,-0.38429999999999565,-0.45323199499999567,0.068931995,0.03147999999999593,0.0,-1.4535999999999987,2.128510000000002
98,BTCUSDT,short,1618549200000,1618678800000,2021-04-16T05:00:00+00:00,2021-04-17T17:00:00+00:00,61714.5,60467.9,63322.6,57006.4,0.001,36,max_hold,1.2465999999999986,1.1793996799999986,0.06720032000000001,0.030900000000001458,0.0,-0.8955000000000001,2.049669999999998
99,BTCUSDT,long,1619791200000,1619920800000,2021-04-30T14:00:00+00:00,2021-05-02T02:00:00+00:00,55986.4,57476.5,54421.3,60571.1,0.001,36,max_hold,1.4900999999999986,1.4276954049999986,0.06240459500000001,0.028010000000002037,0.0,-0.2814000000000015,2.501769999999997
100,BTCUSDT,short,1619928000000,1620003600000,2021-05-02T04:00:00+00:00,2021-05-03T01:00:00+00:00,56481.7,57737.0,57737.0,52829.1,0.001,21,stop,-1.255300000000003,-1.318120285000003,0.062820285,0.02830000000000291,0.0,-1.9025200000000042,0.3816999999999971
101,BTCUSDT,short,1620090000000,1620219600000,2021-05-04T01:00:00+00:00,2021-05-05T13:00:00+00:00,55286.8,55634.9,56921.4,50510.5,0.001,36,max_hold,-0.3480999999999986,-0.4091069349999986,0.06100693500000001,0.027689999999995052,0.0,-1.383199999999997,2.4064200000000056
102,BTCUSDT,short,1620864000000,1620993600000,2021-05-13T00:00:00+00:00,2021-05-14T12:00:00+00:00,49571.9,50569.0,52305.6,41466.3,0.001,36,max_hold,-0.9970999999999985,-1.0521774949999985,0.055077495000000004,0.024849999999998547,0.0,-1.7860999999999987,3.9755800000000017
103,BTCUSDT,short,1621429200000,1621432800000,2021-05-19T13:00:00+00:00,2021-05-19T14:00:00+00:00,35042.8,37517.2,37517.2,27689.9,0.001,1,stop,-2.4743999999999944,-2.5143079999999944,0.039908000000000006,0.017589999999996508,0.0,-2.575199999999997,6.354800000000003
104,BTCUSDT,short,1621609200000,1621738800000,2021-05-21T15:00:00+00:00,2021-05-23T03:00:00+00:00,37788.9,37443.1,40328.4,30223.8,0.001,36,max_hold,0.34580000000000294,0.3044224000000029,0.0413776,0.018989999999997963,0.0,-1.0624399999999952,4.388900000000001
105,BTCUSDT,short,1622887200000,1623016800000,2021-06-05T10:00:00+00:00,2021-06-06T22:00:00+00:00,36294.8,35944.4,37075.1,34026.7,0.001,36,max_hold,0.3504000000000015,0.3106684400000015,0.039731560000000006,0.018180000000000293,0.0,-0.3711999999999971,1.494800000000003
106,BTCUSDT,short,1623099600000,1623160800000,2021-06-07T21:00:00+00:00,2021-06-08T14:00:00+00:00,34415.0,31645.9,35359.5,31645.9,0.001,17,target,2.7690999999999986,2.7327665049999985,0.03633349500000001,0.0172300000000032,0.0,-0.2254100000000035,3.00241
107,BTCUSDT,long,1623254400000,1623384000000,2021-06-09T16:00:00+00:00,2021-06-11T04:00:00+00:00,36357.5,36739.2,34584.3,41604.3,0.001,36,max_hold,0.3816999999999971,0.34149681499999707,0.040203185,0.01825,0.0,-0.7075,2.1315
108,BTCUSDT,long,1623618000000,1623747600000,2021-06-13T21:00:00+00:00,2021-06-15T09:00:00+00:00,39240.3,39786.7,37648.1,43938.2,0.001,36,max_hold,0.5463999999999942,0.5029351499999942,0.04346485,0.01968000000000029,0.0,-0.5483500000000058,1.7596999999999972
109,BTCUSDT,short,1624258800000,1624388400000,2021-06-21T07:00:00+00:00,2021-06-22T19:00:00+00:00,32725.0,32960.7,34307.7,28042.7,0.001,36,max_hold,-0.2356999999999971,-0.2718271349999971,0.036127135000000005,0.016459999999999128,0.0,-0.8300000000000001,3.9449900000000016
110,BTCUSDT,long,1624834800000,1624964400000,2021-06-27T23:00:00+00:00,2021-06-29T11:00:00+00:00,34408.7,35618.9,32806.5,39152.4,0.001,36,max_hold,1.2102000000000044,1.1716848200000043,0.03851518,0.0172699999999968,0.0,-0.5536999999999971,1.3513000000000028
111,BTCUSDT,long,1625299200000,1625428800000,2021-07-03T08:00:00+00:00,2021-07-04T20:00:00+00:00,34493.8,35553.7,33637.3,36997.9,0.001,36,max_hold,1.0598999999999943,1.0213738749999943,0.038526125,0.017330000000001747,0.0,-0.2428000000000029,1.2375
112,BTCUSDT,short,1625486400000,1625544000000,2021-07-05T12:00:00+00:00,2021-07-06T04:00:00+00:00,33346.5,34484.8,34484.8,29998.9,0.001,16,stop,-1.138300000000003,-1.175607215000003,0.037307215000000005,0.016779999999998838,0.0,-1.414050000000003,0.3145
113,BTCUSDT,short,1625940000000,1626019200000,2021-07-10T18:00:00+00:00,2021-07-11T16:00:00+00:00,33371.5,34080.1,34080.1,31312.7,0.001,22,stop,-0.7085999999999986,-0.7456983799999986,0.03709838,0.016760000000002037,0.0,-0.7335,0.3615
114,BTCUSDT,long,1626040800000,1626084000000,2021-07-11T22:00:00+00:00,2021-07-12T10:00:00+00:00,34495.8,33843.7,33843.7,36383.1,0.001,12,stop,-0.6521000000000058,-0.6896867250000058,0.037586725,0.017280000000006113,0.0,-0.8791600000000035,0.1669300000000003
115,BTCUSDT,short,1626181200000,1626285600000,2021-07-13T13:00:00+00:00,2021-07-14T18:00:00+00:00,32327.4,33150.6,33150.6,29925.9,0.001,29,stop,-0.8231999999999972,-0.8592128999999972,0.0360129,0.01625,0.0,-0.8490699999999998,0.7713800000000011
116,BTCUSDT,long,1626843600000,1626890400000,2021-07-21T05:00:00+00:00,2021-07-21T18:00:00+00:00,30670.9,32864.1,29919.3,32864.1,0.001,13,target,2.193199999999997,2.158255749999997,0.03494425,0.015409999999999854,0.0,-0.1405,2.213
117,BTCUSDT,long,1627257600000,1627261200000,2021-07-26T00:00:00+00:00,2021-07-26T01:00:00+00:00,35388.4,37961.8,34506.9,37961.8,0.001,1,target,2.5734000000000017,2.5330573900000015,0.04034261000000001,0.0177300000000032,0.0,-0.2029100000000035,12.780199999999997
118,BTCUSDT,short,1627635600000,1627671600000,2021-07-30T09:00:00+00:00,2021-07-30T19:00:00+00:00,38704.6,39622.7,39622.7,36028.0,0.001,10,stop,-0.9180999999999986,-0.9611800149999986,0.043080015,0.019419999999998255,0.0,-1.1754000000000016,0.38459999999999855
119,BTCUSDT,long,1628265600000,1628395200000,2021-08-06T16:00:00+00:00,2021-08-08T04:00:00+00:00,42232.7,44333.5,40779.4,46516.0,0.001,36,max_hold,2.100800000000003,2.053188590000003,0.04761141000000001,0.021169999999998253,0.0,-0.024269999999996798,2.605300000000003
120,BTCUSDT,long,1628888400000,1628935200000,2021-08-13T21:00:00+00:00,2021-08-14T10:00:00+00:00,47630.2,46672.1,46672.1,50409.3,0.001,13,stop,-0.9580999999999986,-1.0099662649999985,0.051866265,0.02381999999999971,0.0,-1.5031899999999951,0.669800000000003
121,BTCUSDT,long,1630515600000,1630645200000,2021-09-01T17:00:00+00:00,2021-09-03T05:00:00+00:00,48542.6,49737.6,47462.8,51684.5,0.001,36,max_hold,1.195,1.14094589,0.05405411,0.024339999999996507,0.0,-0.4396999999999971,1.8774000000000015
122,BTCUSDT,long,1630875600000,1631005200000,2021-09-05T21:00:00+00:00,2021-09-07T09:00:00+00:00,51739.6,51250.0,50713.3,54715.2,0.001,36,max_hold,-0.48959999999999854,-0.5462442799999986,0.056644280000000005,0.025860000000000584,0.0,-1.2395999999999985,1.2104000000000015
123,BTCUSDT,short,1631026800000,1631026800000,2021-09-07T15:00:00+00:00,2021-09-07T15:00:00+00:00,47343.6,42784.9,48849.4,42784.9,0.001,0,target_entry_bar,4.558699999999997,4.509129324999997,0.04957067500000001,0.02375,0.0,-0.8229599999999991,5.2555999999999985
124,BTCUSDT,short,1631480400000,1631487600000,2021-09-12T21:00:00+00:00,2021-09-12T23:00:00+00:00,45093.2,45874.9,45874.9,42838.6,0.001,2,stop,-0.7817000000000044,-0.8317324550000044,0.050032455,0.02262000000000262,0.0,-1.419,0.19166999999999826
125,BTCUSDT,long,1631541600000,1631541600000,2021-09-13T14:00:00+00:00,2021-09-13T14:00:00+00:00,46192.1,45009.3,45009.3,49648.2,0.001,0,stop_entry_bar,-1.1827999999999956,-1.2329607699999956,0.05016077000000001,0.023099999999998545,0.0,-2.8681699999999983,0.08552999999999884
126,BTCUSDT,short,1631545200000,1631602800000,2021-09-13T15:00:00+00:00,2021-09-14T07:00:00+00:00,43928.0,45802.2,45802.2,38393.2,0.001,16,stop,-1.8741999999999972,-1.9235516099999972,0.049351610000000004,0.021989999999997963,0.0,-1.9875899999999966,0.06043000000000029
127,BTCUSDT,short,1632052800000,1632121200000,2021-09-19T12:00:00+00:00,2021-09-20T07:00:00+00:00,47320.4,44888.6,48162.7,44888.6,0.001,19,target,2.431800000000003,2.381085050000003,0.05071495,0.023760000000002036,0.0,-0.4795999999999985,2.9428499999999986
128,BTCUSDT,short,1632477600000,1632607200000,2021-09-24T10:00:00+00:00,2021-09-25T22:00:00+00:00,42335.8,42659.0,44022.8,37359.9,0.001,36,max_hold,-0.3231999999999971,-0.3699471399999971,0.046747140000000006,0.021239999999997962,0.0,-0.8610199999999968,1.6858000000000029
129,BTCUSDT,long,1632650400000,1632780000000,2021-09-26T10:00:00+00:00,2021-09-27T22:00:00+00:00,43256.5,43047.7,41981.1,46996.2,0.001,36,max_hold,-0.20880000000000293,-0.2562673100000029,0.04746731,0.021650000000001456,0.0,-0.71425,1.0935
130,BTCUSDT,long,1633086000000,1633215600000,2021-10-01T11:00:00+00:00,2021-10-02T23:00:00+00:00,47110.2,48049.2,46180.5,49804.7,0.001,36,max_hold,0.9390000000000001,0.88666233,0.05233767,0.02363999999999942,0.0,-0.3536199999999953,1.339800000000003
131,BTCUSDT,long,1633284000000,1633294800000,2021-10-03T18:00:00+00:00,2021-10-03T21:00:00+00:00,48946.5,48373.0,48373.0,50568.9,0.001,3,stop,-0.5735,-0.627025725,0.053525725,0.024510000000002037,0.0,-1.337949999999997,0.23269000000000234
132,BTCUSDT,long,1633525200000,1633654800000,2021-10-06T13:00:00+00:00,2021-10-08T01:00:00+00:00,52732.9,54152.7,51171.9,57310.0,0.001,36,max_hold,1.4197999999999957,1.3610129199999956,0.058787080000000005,0.02643000000000029,0.0,-0.14459999999999854,3.6831199999999953
133,BTCUSDT,long,1634266800000,1634396400000,2021-10-15T03:00:00+00:00,2021-10-16T15:00:00+00:00,59145.7,60945.7,57304.9,64556.9,0.001,36,max_hold,1.8,1.73394973,0.06605027,0.02956999999999971,0.0,-0.3432899999999936,4.851910000000004
134,BTCUSDT,long,1634738400000,1634778000000,2021-10-20T14:00:00+00:00,2021-10-21T01:00:00+00:00,66172.4,64837.0,64837.0,70050.2,0.001,11,stop,-1.3353999999999941,-1.4074551699999942,0.07205517,0.03314999999999418,0.0,-1.4451999999999972,0.9776000000000058
135,BTCUSDT,short,1635285600000,1635415200000,2021-10-26T22:00:00+00:00,2021-10-28T10:00:00+00:00,60821.9,61087.5,62398.8,56213.1,0.001,36,max_hold,-0.26559999999999856,-0.3326501699999985,0.06705016999999999,0.03044999999999709,0.0,-0.7280999999999985,2.9569000000000014
136,BTCUSDT,long,1635847200000,1635962400000,2021-11-02T10:00:00+00:00,2021-11-03T18:00:00+00:00,63187.1,61499.0,61499.0,68124.6,0.001,32,stop,-1.6880999999999986,-1.7566773549999986,0.068577355,0.03165999999999622,0.0,-2.8870999999999984,1.1624500000000044
137,BTCUSDT,long,1636333200000,1636462800000,2021-11-08T01:00:00+00:00,2021-11-09T13:00:00+00:00,65129.8,67631.1,63560.7,69706.8,0.001,36,max_hold,2.5013000000000027,2.428281505000003,0.073018495,0.03263999999999942,0.0,-0.11947000000000117,3.5453600000000005
138,BTCUSDT,long,1636552800000,1636574400000,2021-11-10T14:00:00+00:00,2021-11-10T20:00:00+00:00,68071.4,66360.7,66360.7,73063.0,0.001,6,stop,-1.7106999999999972,-1.7846376549999972,0.073937655,0.034019999999989524,0.0,-3.168789999999994,1.1273000000000029
139,BTCUSDT,long,1636815600000,1636945200000,2021-11-13T15:00:00+00:00,2021-11-15T03:00:00+00:00,64792.2,65748.5,63532.6,68441.4,0.001,36,max_hold,0.9563000000000029,0.8845026150000029,0.071797385,0.032419999999998256,0.0,-1.152199999999997,1.4633300000000018
140,BTCUSDT,long,1637434800000,1637539200000,2021-11-20T19:00:00+00:00,2021-11-22T00:00:00+00:00,59480.8,58139.5,58139.5,63385.5,0.001,29,stop,-1.341300000000003,-1.405991165000003,0.064691165,0.029770000000004074,0.0,-1.4796900000000024,0.5720199999999969
141,BTCUSDT,long,1637589600000,1637596800000,2021-11-22T14:00:00+00:00,2021-11-22T16:00:00+00:00,58910.5,57709.0,57709.0,62396.9,0.001,2,stop,-1.2015,-1.265640725,0.06414072500000001,0.029529999999998835,0.0,-1.295989999999998,0.12226000000000203
142,BTCUSDT,short,1637917200000,1638046800000,2021-11-26T09:00:00+00:00,2021-11-27T21:00:00+00:00,55209.6,54270.4,56239.4,52217.2,0.001,36,max_hold,0.9391999999999971,0.8789859999999972,0.060214000000000004,0.027660000000003494,0.0,-0.2785,1.7095999999999987
143,BTCUSDT,long,1638136800000,1638266400000,2021-11-28T22:00:00+00:00,2021-11-30T10:00:00+00:00,56326.4,56743.0,54678.7,61155.0,0.001,36,max_hold,0.4165999999999985,0.35441182999999854,0.06218817,0.028220000000001164,0.0,-0.42640000000000144,2.5978099999999977
144,BTCUSDT,long,1638975600000,1639018800000,2021-12-08T15:00:00+00:00,2021-12-09T03:00:00+00:00,50745.4,49559.1,49559.1,54173.6,0.001,12,stop,-1.186300000000003,-1.241467475000003,0.05516747500000001,0.025400000000001456,0.0,-1.3436600000000036,0.4651999999999971
145,BTCUSDT,short,1639753200000,1639756800000,2021-12-17T15:00:00+00:00,2021-12-17T16:00:00+00:00,45921.6,46956.9,46956.9,42890.4,0.001,1,stop,-1.035300000000003,-1.086383175000003,0.051083175,0.023029999999998836,0.0,-1.5084000000000015,0.5484899999999979
146,BTCUSDT,long,1640282400000,1640412000000,2021-12-23T18:00:00+00:00,2021-12-25T06:00:00+00:00,50056.0,50880.1,49040.9,53001.2,0.001,36,max_hold,0.8240999999999986,0.7685851449999986,0.055514855,0.02505000000000291,0.0,-0.02694999999999709,1.749
147,BTCUSDT,short,1640782800000,1640786400000,2021-12-29T13:00:00+00:00,2021-12-29T14:00:00+00:00,46786.6,47772.9,47772.9,43921.3,0.001,1,stop,-0.986300000000003,-1.038307725000003,0.052007725000000005,0.023410000000003494,0.0,-1.1037000000000043,0.22713999999999943
148,BTCUSDT,long,1640941200000,1640970000000,2021-12-31T09:00:00+00:00,2021-12-31T17:00:00+00:00,48449.3,47020.2,47020.2,52645.6,0.001,8,stop,-1.4291000000000058,-1.4816082250000058,0.052508225000000006,0.024220000000001164,0.0,-1.5864300000000002,0.09320999999999913
149,BTCUSDT,short,1641412800000,1641528000000,2022-01-05T20:00:00+00:00,2022-01-07T04:00:00+00:00,44649.5,41217.8,45825.0,41217.8,0.001,32,target,3.431699999999997,3.3844729849999973,0.047227015000000004,0.02243000000000029,0.0,-0.1855,3.7495000000000003
150,BTCUSDT,short,1642089600000,1642219200000,2022-01-13T16:00:00+00:00,2022-01-15T04:00:00+00:00,43148.4,42918.3,43852.3,41123.1,0.001,36,max_hold,0.23009999999999856,0.18276331499999854,0.047336685,0.021599999999998544,0.0,-0.3515999999999985,1.4824000000000015
151,BTCUSDT,long,1642690800000,1642712400000,2022-01-20T15:00:00+00:00,2022-01-20T21:00:00+00:00,42964.0,42258.3,42258.3,44990.6,0.001,6,stop,-0.7056999999999971,-0.7525722649999971,0.046872265,0.0215199999999968,0.0,-1.6788099999999977,0.531
152,BTCUSDT,short,1642716000000,1642798800000,2022-01-20T22:00:00+00:00,2022-01-21T21:00:00+00:00,41299.0,37542.0,42578.9,37542.0,0.001,23,target,3.757,3.7136374500000002,0.04336255,0.020669999999998256,0.0,-0.23900000000000002,5.179
153,BTCUSDT,short,1642802400000,1642932000000,2022-01-21T22:00:00+00:00,2022-01-23T10:00:00+00:00,36616.8,35860.4,38303.5,31626.6,0.001,36,max_hold,0.7564000000000015,0.7165375400000015,0.03986246,0.01837999999999738,0.0,-0.5131999999999971,2.666800000000003
154,BTCUSDT,short,1643590800000,1643644800000,2022-01-31T01:00:00+00:00,2022-01-31T16:00:00+00:00,36802.9,37885.8,37885.8,33628.1,0.001,15,stop,-1.0829000000000015,-1.1239787850000016,0.04107878500000001,0.018489999999997963,0.0,-1.5770999999999986,0.18290000000000145
155,BTCUSDT,short,1643814000000,1643943600000,2022-02-02T15:00:00+00:00,2022-02-04T03:00:00+00:00,37678.1,37308.7,38446.0,35442.9,0.001,36,max_hold,0.36940000000000145,0.32815726000000145,0.04124274,0.018889999999999418,0.0,-0.1408600000000006,1.4737999999999956
156,BTCUSDT,long,1643990400000,1644120000000,2022-02-04T16:00:00+00:00,2022-02-06T04:00:00+00:00,39501.5,41429.0,38412.7,42688.9,0.001,36,max_hold,1.9275,1.882988225,0.044511775,0.019779999999998837,0.0,-0.0745899999999965,2.4205
157,BTCUSDT,long,1644192000000,1644296400000,2022-02-07T00:00:00+00:00,2022-02-08T05:00:00+00:00,42382.6,44919.7,41508.6,44919.7,0.001,29,target,2.537099999999999,2.4890837349999986,0.048016265,0.021260000000002038,0.0,-0.7728399999999965,2.703739999999998
158,BTCUSDT,short,1644501600000,1644505200000,2022-02-10T14:00:00+00:00,2022-02-10T15:00:00+00:00,43606.5,44845.0,44845.0,39980.2,0.001,1,stop,-1.2385,-1.287148325,0.048648325000000006,0.021889999999999417,0.0,-2.0935,0.4695400000000009
159,BTCUSDT,short,1645106400000,1645236000000,2022-02-17T14:00:00+00:00,2022-02-19T02:00:00+00:00,42221.1,40142.0,43364.0,38878.5,0.001,36,max_hold,2.0790999999999986,2.0338002949999985,0.04529970500000001,0.021200000000004365,0.0,-0.16309999999999855,2.799099999999999
160,BTCUSDT,short,1645992000000,1646056800000,2022-02-27T20:00:00+00:00,2022-02-28T14:00:00+00:00,37555.9,39095.3,39095.3,33013.0,0.001,18,stop,-1.5394000000000014,-1.5815581600000015,0.04215816000000001,0.018799999999995636,0.0,-2.3287999999999958,0.621300000000003
161,BTCUSDT,long,1646060400000,1646139600000,2022-02-28T15:00:00+00:00,2022-03-01T13:00:00+00:00,39813.4,44758.1,38138.6,44758.1,0.001,22,target,4.944699999999997,4.898185674999997,0.046514325,0.019900000000001455,0.0,-0.2503000000000029,5.121599999999999
162,BTCUSDT,long,1646233200000,1646276400000,2022-03-02T15:00:00+00:00,2022-03-03T03:00:00+00:00,44840.2,43280.4,43280.4,49432.8,0.001,12,stop,-1.5597999999999956,-1.6082663299999957,0.04846633,0.0225,0.0,-1.6750999999999985,0.5098000000000029
163,BTCUSDT,long,1646798400000,1646884800000,2022-03-09T04:00:00+00:00,2022-03-10T04:00:00+00:00,41219.0,39639.1,39639.1,45876.6,0.001,24,stop,-1.5799000000000014,-1.6243719550000013,0.04447195500000001,0.020599999999998547,0.0,-1.869,1.4285
164,BTCUSDT,short,1646888400000,1647018000000,2022-03-10T05:00:00+00:00,2022-03-11T17:00:00+00:00,39506.6,38708.5,40977.7,35172.1,0.001,36,max_hold,0.7980999999999986,0.7550816949999986,0.04301830500000001,0.019800000000002912,0.0,-0.7820999999999986,1.3065
165,BTCUSDT,short,1647212400000,1647230400000,2022-03-13T23:00:00+00:00,2022-03-14T04:00:00+00:00,37685.1,38542.3,38542.3,35189.0,0.001,5,stop,-0.8572000000000044,-0.8991250700000044,0.04192507000000001,0.018900000000001457,0.0,-1.2349000000000014,0.163
166,BTCUSDT,long,1647399600000,1647399600000,2022-03-16T03:00:00+00:00,2022-03-16T03:00:00+00:00,40888.2,40094.2,40094.2,43188.7,0.001,0,stop_entry_bar,-0.794,-0.83854032,0.04454032,0.0205,0.0,-2.188199999999997,0.06230000000000291
167,BTCUSDT,long,1648414800000,1648418400000,2022-03-27T21:00:00+00:00,2022-03-27T22:00:00+00:00,46137.1,47006.0,45816.9,47006.0,0.001,1,target,0.8689000000000014,0.8176712950000015,0.051228705,0.023099999999998545,0.0,-0.30429999999999563,0.9099000000000015
168,BTCUSDT,long,1649858400000,1649988000000,2022-04-13T14:00:00+00:00,2022-04-15T02:00:00+00:00,40516.7,39920.0,39509.6,43456.8,0.001,36,max_hold,-0.5966999999999971,-0.6409401849999972,0.044240185,0.020299999999995634,0.0,-0.9946999999999971,1.063300000000003
169,BTCUSDT,short,1650124800000,1650142800000,2022-04-16T16:00:00+00:00,2022-04-16T21:00:00+00:00,40019.6,40428.2,40428.2,38874.7,0.001,5,stop,-0.4085999999999986,-0.4528462899999986,0.04424629,0.020099999999998546,0.0,-0.5885999999999986,0.03769999999999709
170,BTCUSDT,short,1650258000000,1650286800000,2022-04-18T05:00:00+00:00,2022-04-18T13:00:00+00:00,38779.0,39596.9,39596.9,36402.8,0.001,8,stop,-0.8179000000000015,-0.8610067450000015,0.043106745,0.019400000000001454,0.0,-0.8210000000000001,0.3133000000000029
171,BTCUSDT,short,1651363200000,1651417200000,2022-05-01T00:00:00+00:00,2022-05-01T15:00:00+00:00,37595.5,38253.7,38253.7,35697.0,0.001,15,stop,-0.6581999999999971,-0.6999170599999971,0.04171706,0.018900000000001457,0.0,-1.0850999999999986,0.2455
172,BTCUSDT,short,1651759200000,1651759200000,2022-05-05T14:00:00+00:00,2022-05-05T14:00:00+00:00,38973.2,38480.7,39163.2,38480.7,0.001,0,target_entry_bar,0.4925,0.449900355,0.042599645000000005,0.0195,0.0,-0.08680000000000292,0.8621999999999971
173,BTCUSDT,short,1651960800000,1651964400000,2022-05-07T22:00:00+00:00,2022-05-07T23:00:00+00:00,34954.7,35476.9,35476.9,33458.2,0.001,1,stop,-0.5222000000000043,-0.5609373800000044,0.03873738,0.0175,0.0,-0.8023000000000029,0.2546999999999971
174,BTCUSDT,short,1652274000000,1652274000000,2022-05-11T13:00:00+00:00,2022-05-11T13:00:00+00:00,29279.9,31487.4,31487.4,22732.7,0.001,0,stop_entry_bar,-2.2075,-2.240922015,0.033422015,0.01469999999999709,0.0,-2.609699999999997,0.16170000000000073
175,BTCUSDT,short,1653058800000,1653188400000,2022-05-20T15:00:00+00:00,2022-05-22T03:00:00+00:00,29470.9,29380.5,30488.0,26478.9,0.001,36,max_hold,0.09040000000000145,0.05803173000000145,0.032368270000000005,0.014799999999999272,0.0,-0.17909999999999854,0.7689000000000015
176,BTCUSDT,long,1653213600000,1653231600000,2022-05-22T10:00:00+00:00,2022-05-22T15:00:00+00:00,30147.6,29696.7,29696.7,31439.9,0.001,5,stop,-0.4508999999999978,-0.4838143649999978,0.032914365,0.015099999999998545,0.0,-0.483,0.18240000000000145
177,BTCUSDT,short,1653336000000,1653444000000,2022-05-23T20:00:00+00:00,2022-05-25T02:00:00+00:00,29048.0,30063.8,30063.8,26059.7,0.001,30,stop,-1.0157999999999994,-1.0483114899999995,0.032511490000000004,0.014599999999998545,0.0,-1.1295999999999986,0.4104000000000015
178,BTCUSDT,short,1653555600000,1653580800000,2022-05-26T09:00:00+00:00,2022-05-26T16:00:00+00:00,28976.5,29640.5,29640.5,27042.5,0.001,7,stop,-0.664,-0.69623935,0.03223935,0.0145,0.0,-0.8115,1.0244000000000015
179,BTCUSDT,long,1653876000000,1653940800000,2022-05-30T02:00:00+00:00,2022-05-30T20:00:00+00:00,29776.4,31407.7,29212.8,31407.7,0.001,18,target,1.6312999999999993,1.5976487449999992,0.033651255000000005,0.014900000000001455,0.0,-0.026900000000001457,1.7235999999999987
180,BTCUSDT,short,1654095600000,1654113600000,2022-06-01T15:00:00+00:00,2022-06-01T20:00:00+00:00,31144.8,29668.0,31658.0,29668.0,0.001,5,target,1.4767999999999992,1.4433529599999992,0.03344704,0.015600000000002183,0.0,-0.07520000000000072,1.8447999999999993
181,BTCUSDT,short,1654563600000,1654628400000,2022-06-07T01:00:00+00:00,2022-06-07T19:00:00+00:00,30177.7,31109.2,31109.2,27452.4,0.001,18,stop,-0.9315,-0.965207795,0.033707795000000006,0.015099999999998545,0.0,-1.2510999999999985,0.9877000000000008
182,BTCUSDT,long,1654632000000,1654639200000,2022-06-07T20:00:00+00:00,2022-06-07T22:00:00+00:00,31066.0,30651.4,30651.4,32247.8,0.001,2,stop,-0.4145999999999986,-0.4485445699999986,0.03394457000000001,0.015599999999998546,0.0,-0.7627000000000007,0.533
183,BTCUSDT,short,1655002800000,1655107200000,2022-06-12T03:00:00+00:00,2022-06-13T08:00:00+00:00,27395.7,24529.3,28369.6,24529.3,0.001,29,target,2.8664000000000014,2.837841250000001,0.02855875,0.013799999999999273,0.0,-0.9420000000000001,3.2675
184,BTCUSDT,short,1655535600000,1655578800000,2022-06-18T07:00:00+00:00,2022-06-18T19:00:00+00:00,19409.5,18032.5,19882.2,18032.5,0.001,12,target,1.377,1.3564069,0.020593100000000003,0.009799999999999273,0.0,-0.1775,1.3885999999999985
185,BTCUSDT,short,1656338400000,1656468000000,2022-06-27T14:00:00+00:00,2022-06-29T02:00:00+00:00,20719.6,20345.0,21240.5,19198.2,0.001,36,max_hold,0.37459999999999855,0.3520144699999985,0.02258553,0.010400000000001455,0.0,-0.4784000000000015,0.5790999999999985
186,BTCUSDT,short,1656572400000,1656630000000,2022-06-30T07:00:00+00:00,2022-06-30T23:00:00+00:00,19396.3,19888.3,19888.3,17969.6,0.001,16,stop,-0.492,-0.51360653,0.021606530000000002,0.009799999999999273,0.0,-0.5692999999999993,0.8332999999999993
187,BTCUSDT,long,1656633600000,1656669600000,2022-07-01T00:00:00+00:00,2022-07-01T10:00:00+00:00,19933.3,19148.6,19148.6,22248.2,0.001,10,stop,-0.7847000000000007,-0.8061950450000007,0.021495044999999997,0.01,0.0,-0.978,0.9931000000000022
188,BTCUSDT,long,1656936000000,1657022400000,2022-07-04T12:00:00+00:00,2022-07-05T12:00:00+00:00,19804.1,19398.6,19398.6,20981.0,0.001,24,stop,-0.4055,-0.427061485,0.021561485,0.009899999999997817,0.0,-0.4756999999999971,0.6699000000000015
189,BTCUSDT,long,1657206000000,1657242000000,2022-07-07T15:00:00+00:00,2022-07-08T01:00:00+00:00,20919.2,22201.9,20477.6,22201.9,0.001,10,target,1.2827000000000008,1.258983395000001,0.023716605,0.0105,0.0,-0.10300000000000001,1.6607000000000007
190,BTCUSDT,short,1657717200000,1657720800000,2022-07-13T13:00:00+00:00,2022-07-13T14:00:00+00:00,19143.9,19616.8,19616.8,17763.2,0.001,1,stop,-0.4728999999999978,-0.4942183849999978,0.021318385000000002,0.009599999999998545,0.0,-0.5440999999999986,0.2271000000000022
191,BTCUSDT,long,1657990800000,1658001600000,2022-07-16T17:00:00+00:00,2022-07-16T20:00:00+00:00,21465.1,21021.2,21021.2,22753.6,0.001,3,stop,-0.44389999999999785,-0.46726746499999783,0.023367465000000004,0.010799999999999272,0.0,-0.5650999999999986,0.11490000000000146
192,BTCUSDT,long,1658124000000,1658253600000,2022-07-18T06:00:00+00:00,2022-07-19T18:00:00+00:00,21863.0,23450.0,21117.6,24054.8,0.001,36,max_hold,1.587,1.5620778499999999,0.024922150000000004,0.011,0.0,-0.4772999999999993,1.687
193,BTCUSDT,long,1658948400000,1659074400000,2022-07-27T19:00:00+00:00,2022-07-29T06:00:00+00:00,22556.2,24255.5,21974.7,24255.5,0.001,35,target,1.6992999999999994,1.6735535649999993,0.025746435000000005,0.011299999999999272,0.0,-0.011299999999999272,1.9437999999999993
194,BTCUSDT,short,1659830400000,1659877200000,2022-08-07T00:00:00+00:00,2022-08-07T13:00:00+00:00,22931.7,23176.3,23176.3,22244.4,0.001,13,stop,-0.24459999999999854,-0.2699593999999985,0.025359400000000004,0.0115,0.0,-0.24829999999999927,0.10079999999999928
195,BTCUSDT,long,1660136400000,1660266000000,2022-08-10T13:00:00+00:00,2022-08-12T01:00:00+00:00,23980.6,23950.3,23376.6,25744.9,0.001,36,max_hold,-0.030299999999999272,-0.05666199499999927,0.026361995,0.012,0.0,-0.5265999999999985,0.9914000000000015
196,BTCUSDT,short,1660546800000,1660676400000,2022-08-15T07:00:00+00:00,2022-08-16T19:00:00+00:00,24107.2,23823.3,24802.4,22070.3,0.001,36,max_hold,0.2839000000000015,0.25753822500000145,0.026361775000000004,0.012099999999998544,0.0,-0.18959999999999855,0.4572000000000007
197,BTCUSDT,short,1660723200000,1660852800000,2022-08-17T08:00:00+00:00,2022-08-18T20:00:00+00:00,23762.3,23339.9,24224.4,22423.5,0.001,36,max_hold,0.42239999999999783,0.39649378999999785,0.025906210000000002,0.011900000000001456,0.0,-0.14590000000000145,0.5922999999999993
198,BTCUSDT,short,1660892400000,1660892400000,2022-08-19T07:00:00+00:00,2022-08-19T07:00:00+00:00,21887.9,21974.3,21974.3,21672.7,0.001,0,stop_entry_bar,-0.08639999999999783,-0.11052420999999783,0.024124210000000004,0.011,0.0,-0.2455,0.045900000000001454
199,BTCUSDT,long,1661518800000,1661522400000,2022-08-26T13:00:00+00:00,2022-08-26T14:00:00+00:00,21637.4,21331.8,21331.8,22511.0,0.001,1,stop,-0.3056000000000022,-0.3292330600000022,0.023633060000000004,0.010900000000001455,0.0,-0.5301000000000022,0.2301999999999971
200,BTCUSDT,short,1661526000000,1661655600000,2022-08-26T15:00:00+00:00,2022-08-28T03:00:00+00:00,21134.3,19992.5,21630.1,19689.3,0.001,36,max_hold,1.1417999999999993,1.1191802599999994,0.02261974,0.010600000000002182,0.0,-0.023900000000001455,1.3902999999999992
201,BTCUSDT,short,1661731200000,1661742000000,2022-08-29T00:00:00+00:00,2022-08-29T03:00:00+00:00,19537.7,19926.0,19926.0,18411.9,0.001,3,stop,-0.38829999999999926,-0.41000503499999924,0.021705035000000004,0.009799999999999273,0.0,-0.4072999999999993,0.0
202,BTCUSDT,short,1661871600000,1661907600000,2022-08-30T15:00:00+00:00,2022-08-31T01:00:00+00:00,19810.7,20220.1,20220.1,18622.8,0.001,10,stop,-0.4093999999999978,-0.4314169399999978,0.02201694,0.01,0.0,-0.43359999999999854,0.2862999999999993
203,BTCUSDT,long,1662426000000,1662426000000,2022-09-06T01:00:00+00:00,2022-09-06T01:00:00+00:00,20103.8,19787.8,19787.8,21011.1,0.001,0,stop_entry_bar,-0.316,-0.33794038,0.021940380000000002,0.010099999999998544,0.0,-0.3497999999999993,0.07090000000000146
204,BTCUSDT,short,1662429600000,1662490800000,2022-09-06T02:00:00+00:00,2022-09-06T19:00:00+00:00,19753.0,18842.6,20069.8,18842.6,0.001,17,target,0.9104000000000014,0.8891724200000014,0.021227580000000003,0.009900000000001456,0.0,-0.2702000000000007,1.053
205,BTCUSDT,long,1662584400000,1662699600000,2022-09-07T21:00:00+00:00,2022-09-09T05:00:00+00:00,19384.5,20494.2,19001.7,20494.2,0.001,32,target,1.1097000000000008,1.0877667150000008,0.021933285000000004,0.009700000000000727,0.0,-0.38070000000000076,1.3534000000000015
206,BTCUSDT,short,1663074000000,1663203600000,2022-09-13T13:00:00+00:00,2022-09-15T01:00:00+00:00,21386.6,20149.3,22251.8,18833.5,0.001,36,max_hold,1.2372999999999994,1.2144552549999994,0.022844745,0.010700000000000728,0.0,-0.13340000000000146,1.7865999999999986
207,BTCUSDT,short,1663556400000,1663596000000,2022-09-19T03:00:00+00:00,2022-09-19T14:00:00+00:00,18745.6,19272.5,19272.5,17202.0,0.001,11,stop,-0.5269000000000015,-0.5478099550000015,0.020909955,0.009400000000001456,0.0,-0.678800000000003,0.5305999999999985
208,BTCUSDT,long,1663783200000,1663783200000,2022-09-21T18:00:00+00:00,2022-09-21T18:00:00+00:00,19849.4,19335.8,19335.8,21378.1,0.001,0,stop_entry_bar,-0.5136000000000022,-0.5351518600000021,0.021551860000000003,0.01,0.0,-1.5064000000000015,0.3046999999999971
209,BTCUSDT,short,1664298000000,1664398800000,2022-09-27T17:00:00+00:00,2022-09-28T21:00:00+00:00,19092.5,19687.6,19687.6,17345.6,0.001,28,stop,-0.5950999999999985,-0.6164290549999986,0.021329055,0.009599999999998545,0.0,-0.6950999999999986,0.6325000000000001
210,BTCUSDT,long,1664550000000,1664564400000,2022-09-30T15:00:00+00:00,2022-09-30T19:00:00+00:00,19992.6,19480.7,19480.7,21483.6,0.001,4,stop,-0.5118999999999978,-0.5336103149999978,0.021710315,0.01,0.0,-0.5355999999999985,0.18010000000000218
211,BTCUSDT,short,1665147600000,1665277200000,2022-10-07T13:00:00+00:00,2022-10-09T01:00:00+00:00,19598.9,19386.6,19834.6,18931.3,0.001,36,max_hold,0.2123000000000029,0.1908579750000029,0.021442025,0.009899999999997817,0.0,-0.098,0.3989000000000015
212,BTCUSDT,short,1665658800000,1665658800000,2022-10-13T11:00:00+00:00,2022-10-13T11:00:00+00:00,18673.0,18818.6,18818.6,18273.8,0.001,0,stop_entry_bar,-0.14559999999999854,-0.16622037999999853,0.02062038,0.009400000000001456,0.0,-0.147,0.024
213,BTCUSDT,short,1665666000000,1665666000000,2022-10-13T13:00:00+00:00,2022-10-13T13:00:00+00:00,18368.6,18435.0,18435.0,18206.5,0.001,0,stop_entry_bar,-0.06640000000000146,-0.08664198000000145,0.02024198,0.009200000000000728,0.0,-0.10520000000000072,0.10609999999999854
214,BTCUSDT,long,1665950400000,1665954000000,2022-10-16T20:00:00+00:00,2022-10-16T21:00:00+00:00,19379.5,19211.9,19211.9,19844.0,0.001,1,stop,-0.16759999999999856,-0.18882526999999855,0.021225270000000004,0.009700000000000727,0.0,-0.28750000000000003,0.03640000000000146
215,BTCUSDT,short,1665957600000,1665957600000,2022-10-16T22:00:00+00:00,2022-10-16T22:00:00+00:00,19128.8,19299.6,19299.6,18655.3,0.001,0,stop_entry_bar,-0.17079999999999929,-0.19193561999999928,0.02113562,0.009600000000002183,0.0,-0.22620000000000073,0.020599999999998547
216,BTCUSDT,long,1666548000000,1666584000000,2022-10-23T18:00:00+00:00,2022-10-24T04:00:00+00:00,19478.5,19318.9,19318.9,19918.2,0.001,10,stop,-0.15959999999999855,-0.18093856999999855,0.02133857,0.009799999999999273,0.0,-0.2135,0.2115
217,BTCUSDT,long,1666706400000,1666717200000,2022-10-25T14:00:00+00:00,2022-10-25T17:00:00+00:00,19479.2,19914.6,19321.0,19914.6,0.001,3,target,0.43539999999999784,0.41373340999999786,0.021666590000000003,0.009799999999999273,0.0,-0.044100000000002186,0.71
218,BTCUSDT,long,1666720800000,1666792800000,2022-10-25T18:00:00+00:00,2022-10-26T14:00:00+00:00,20118.8,20904.6,19843.3,20904.6,0.001,20,target,0.7857999999999993,0.7632371299999993,0.022562870000000002,0.010099999999998544,0.0,-0.14820000000000072,0.9112000000000008
219,BTCUSDT,short,1667224800000,1667293200000,2022-10-31T14:00:00+00:00,2022-11-01T09:00:00+00:00,20305.2,20675.8,20675.8,19234.3,0.001,19,stop,-0.37059999999999854,-0.39313954999999856,0.022539550000000002,0.010200000000000728,0.0,-0.3817999999999993,0.07979999999999927
220,BTCUSDT,long,1667574000000,1667577600000,2022-11-04T15:00:00+00:00,2022-11-04T16:00:00+00:00,21219.7,20810.4,20810.4,22404.8,0.001,1,stop,-0.4092999999999993,-0.43241655499999926,0.023116555000000004,0.010700000000000728,0.0,-0.5597000000000008,0.020200000000000728
221,BTCUSDT,short,1667779200000,1667876400000,2022-11-07T00:00:00+00:00,2022-11-08T03:00:00+00:00,20889.5,20209.5,21130.2,20209.5,0.001,27,target,0.68,0.65739555,0.022604450000000005,0.0105,0.0,-0.17309999999999856,0.7784000000000014
222,BTCUSDT,short,1667883600000,1667923200000,2022-11-08T05:00:00+00:00,2022-11-08T16:00:00+00:00,19616.2,20162.1,20162.1,18017.8,0.001,11,stop,-0.5458999999999978,-0.5677780649999978,0.021878065000000002,0.009899999999997817,0.0,-1.0687999999999993,0.41620000000000074
223,BTCUSDT,short,1667930400000,1668024000000,2022-11-08T18:00:00+00:00,2022-11-09T20:00:00+00:00,19318.0,16318.6,20330.7,16318.6,0.001,26,target,2.9993999999999996,2.9797998699999995,0.01960013,0.009700000000000727,0.0,-0.21359999999999854,3.2520000000000002
224,BTCUSDT,long,1668088800000,1668175200000,2022-11-10T14:00:00+00:00,2022-11-11T14:00:00+00:00,17658.2,16544.7,16544.7,20963.2,0.001,24,stop,-1.1135,-1.132311595,0.018811595000000004,0.008900000000001455,0.0,-1.3152000000000008,0.5717999999999993
225,BTCUSDT,long,1668409200000,1668538800000,2022-11-14T07:00:00+00:00,2022-11-15T19:00:00+00:00,16636.3,16723.4,15977.0,18581.5,0.001,36,max_hold,0.08710000000000219,0.0687521650000022,0.018347835,0.008399999999997817,0.0,-0.4706999999999989,0.5517000000000007
226,BTCUSDT,long,1668733200000,1668783600000,2022-11-18T01:00:00+00:00,2022-11-18T15:00:00+00:00,16947.0,16604.1,16604.1,17942.2,0.001,14,stop,-0.3429000000000015,-0.3613531050000015,0.018453105,0.0085,0.0,-0.34700000000000003,0.03740000000000145
227,BTCUSDT,short,1668981600000,1669064400000,2022-11-20T22:00:00+00:00,2022-11-21T21:00:00+00:00,16269.2,15523.4,16528.7,15523.4,0.001,23,target,0.7458000000000011,0.7283140700000011,0.017485930000000004,0.00819999999999891,0.0,-0.08009999999999855,0.8260000000000001
228,BTCUSDT,long,1669125600000,1669255200000,2022-11-22T14:00:00+00:00,2022-11-24T02:00:00+00:00,16170.5,16737.5,15758.4,17374.3,0.001,36,max_hold,0.5670000000000001,0.5489006000000001,0.0180994,0.008100000000000364,0.0,-0.13739999999999963,0.6295000000000001
229,BTCUSDT,short,1669593600000,1669651200000,2022-11-28T00:00:00+00:00,2022-11-28T16:00:00+00:00,16414.2,16037.200000000003,16551.1,16037.2,0.001,16,target,0.377,0.35915173,0.017848270000000003,0.008299999999999273,0.0,-0.06079999999999927,0.43010000000000037
230,BTCUSDT,long,1669770000000,1669899600000,2022-11-30T01:00:00+00:00,2022-12-01T13:00:00+00:00,16847.9,17130.1,16575.1,17632.3,0.001,36,max_hold,0.2821999999999971,0.26351209999999714,0.0186879,0.0085,0.0,-0.14790000000000145,0.5005999999999986
231,BTCUSDT,short,1670400000000,1670511600000,2022-12-07T08:00:00+00:00,2022-12-08T15:00:00+00:00,16747.0,16934.6,16934.6,16217.8,0.001,31,stop,-0.18759999999999855,-0.20612487999999854,0.01852488,0.008400000000001455,0.0,-0.20170000000000074,0.092
232,BTCUSDT,long,1670526000000,1670655600000,2022-12-08T19:00:00+00:00,2022-12-10T07:00:00+00:00,17248.6,17140.3,17048.5,17814.2,0.001,36,max_hold,-0.10829999999999927,-0.12721389499999927,0.018913895,0.00869999999999709,0.0,-0.19659999999999855,0.11680000000000292
233,BTCUSDT,short,1670806800000,1670875200000,2022-12-12T01:00:00+00:00,2022-12-12T20:00:00+00:00,16934.9,17083.9,17083.9,16522.4,0.001,19,stop,-0.149,-0.16771034,0.018710340000000006,0.0085,0.0,-0.18259999999999854,0.06990000000000146
234,BTCUSDT,long,1670925600000,1670936400000,2022-12-13T10:00:00+00:00,2022-12-13T13:00:00+00:00,17439.5,17924.1,17266.1,17924.1,0.001,3,target,0.48459999999999853,0.46515001999999855,0.01944998,0.008799999999999272,0.0,-0.0815,0.6605
235,BTCUSDT,long,1670940000000,1670950800000,2022-12-13T14:00:00+00:00,2022-12-13T17:00:00+00:00,17904.9,17704.1,17704.1,18471.6,0.001,3,stop,-0.20080000000000292,-0.2203849500000029,0.019584950000000004,0.009000000000000001,0.0,-0.28700000000000003,0.04209999999999855
236,BTCUSDT,long,1671030000000,1671040800000,2022-12-14T15:00:00+00:00,2022-12-14T18:00:00+00:00,18064.9,17865.5,17865.5,18626.6,0.001,3,stop,-0.19940000000000146,-0.21916172000000148,0.019761720000000003,0.009100000000002183,0.0,-0.25990000000000146,0.33509999999999857
237,BTCUSDT,short,1671181200000,1671231600000,2022-12-16T09:00:00+00:00,2022-12-16T23:00:00+00:00,17206.4,16589.5,17423.5,16589.5,0.001,14,target,0.6169000000000014,0.5983122550000014,0.018587745000000003,0.00869999999999709,0.0,-0.00869999999999709,0.6853000000000029
238,BTCUSDT,short,1671721200000,1671739200000,2022-12-22T15:00:00+00:00,2022-12-22T20:00:00+00:00,16658.9,16765.4,16765.4,16373.1,0.001,5,stop,-0.1065,-0.124883365,0.018383365000000006,0.008399999999997817,0.0,-0.1905,0.10280000000000292
239,BTCUSDT,long,1672099200000,1672138800000,2022-12-27T00:00:00+00:00,2022-12-27T11:00:00+00:00,16921.3,16829.8,16829.8,17162.1,0.001,11,stop,-0.0915,-0.110063105,0.018563105,0.0085,0.0,-0.12070000000000072,0.04670000000000073
240,BTCUSDT,short,1672243200000,1672372800000,2022-12-28T16:00:00+00:00,2022-12-30T04:00:00+00:00,16563.0,16593.9,16739.5,16066.7,0.001,36,max_hold,-0.030900000000001458,-0.049136295000001454,0.018236295,0.008299999999999273,0.0,-0.097,0.10740000000000145
241,BTCUSDT,long,1672632000000,1672761600000,2023-01-02T04:00:00+00:00,2023-01-03T16:00:00+00:00,16663.1,16670.9,16593.2,16838.8,0.001,36,max_hold,0.0078000000000029105,-0.010533699999997091,0.0183337,0.008399999999997817,0.0,-0.05709999999999855,0.13590000000000146
242,BTCUSDT,long,1672804800000,1672934400000,2023-01-04T04:00:00+00:00,2023-01-05T16:00:00+00:00,16864.4,16836.7,16705.9,17306.0,0.001,36,max_hold,-0.027700000000000728,-0.046235605000000735,0.018535605000000004,0.0085,0.0,-0.124,0.12019999999999709
243,BTCUSDT,long,1673193600000,1673193600000,2023-01-08T16:00:00+00:00,2023-01-08T16:00:00+00:00,16999.4,16954.2,16954.2,17101.5,0.001,0,stop_entry_bar,-0.045200000000000726,-0.06387448000000073,0.01867448,0.0085,0.0,-0.08920000000000072,0.01569999999999709
244,BTCUSDT,long,1673222400000,1673287200000,2023-01-09T00:00:00+00:00,2023-01-09T18:00:00+00:00,17133.2,17386.4,17037.5,17386.4,0.001,18,target,0.25320000000000076,0.23421422000000075,0.01898578,0.008600000000002182,0.0,-0.035,0.25459999999999855
245,BTCUSDT,long,1673481600000,1673542800000,2023-01-12T00:00:00+00:00,2023-01-12T17:00:00+00:00,17944.6,18565.8,17725.7,18565.8,0.001,17,target,0.6212000000000008,0.6011192800000007,0.02008072,0.009000000000000001,0.0,-0.04219999999999709,0.9754000000000015
246,BTCUSDT,long,1673546400000,1673654400000,2023-01-12T18:00:00+00:00,2023-01-14T00:00:00+00:00,18849.5,20324.8,18345.1,20324.8,0.001,30,target,1.4752999999999994,1.4537541349999994,0.021545865,0.0095,0.0,-0.24159999999999854,2.6945
247,BTCUSDT,long,1673658000000,1673686800000,2023-01-14T01:00:00+00:00,2023-01-14T09:00:00+00:00,20912.3,20559.3,20559.3,21929.7,0.001,8,stop,-0.353,-0.37580937999999997,0.02280938,0.0105,0.0,-0.5902999999999993,0.20270000000000074
248,BTCUSDT,short,1674057600000,1674187200000,2023-01-18T16:00:00+00:00,2023-01-20T04:00:00+00:00,21024.9,21086.2,21346.0,20104.0,0.001,36,max_hold,-0.06129999999999927,-0.08446110499999927,0.023161105000000005,0.010599999999998545,0.0,-0.19829999999999928,0.6389000000000015
249,BTCUSDT,long,1674248400000,1674378000000,2023-01-20T21:00:00+00:00,2023-01-22T09:00:00+00:00,22298.4,22911.7,21843.5,23618.2,0.001,36,max_hold,0.6132999999999993,0.5884344449999993,0.024865555000000004,0.011200000000000728,0.0,-0.09380000000000291,1.0915999999999986
250,BTCUSDT,long,1674684000000,1674684000000,2023-01-25T22:00:00+00:00,2023-01-25T22:00:00+00:00,23605.1,23100.2,23100.2,25072.5,0.001,0,stop_entry_bar,-0.5048999999999978,-0.5305879149999978,0.025687915000000002,0.011799999999999273,0.0,-0.7950999999999986,0.23230000000000292
251,BTCUSDT,short,1675072800000,1675202400000,2023-01-30T10:00:00+00:00,2023-01-31T22:00:00+00:00,23181.3,22944.0,23572.3,22054.7,0.001,36,max_hold,0.2372999999999993,0.2119310849999993,0.025368915000000002,0.011600000000002183,0.0,-0.14870000000000072,0.6970999999999986
252,BTCUSDT,long,1675281600000,1675411200000,2023-02-01T20:00:00+00:00,2023-02-03T08:00:00+00:00,23391.5,23457.1,23006.2,24501.1,0.001,36,max_hold,0.06559999999999855,0.03983326999999855,0.02576673,0.011700000000000727,0.0,-0.07150000000000001,0.8899000000000015
253,BTCUSDT,short,1675602000000,1675616400000,2023-02-05T13:00:00+00:00,2023-02-05T17:00:00+00:00,23148.5,22809.1,23277.2,22809.1,0.001,4,target,0.3394000000000015,0.3141233200000015,0.025276680000000003,0.011599999999998546,0.0,-0.0665,0.3462999999999993
254,BTCUSDT,long,1675792800000,1675792800000,2023-02-07T18:00:00+00:00,2023-02-07T18:00:00+00:00,23289.6,23007.9,23007.9,24088.3,0.001,0,stop_entry_bar,-0.2816999999999971,-0.3071636249999971,0.025463625000000004,0.01169999999999709,0.0,-0.5275999999999985,0.05840000000000146
255,BTCUSDT,short,1675796400000,1675796400000,2023-02-07T19:00:00+00:00,2023-02-07T19:00:00+00:00,22914.7,23093.5,23093.5,22423.7,0.001,0,stop_entry_bar,-0.17879999999999927,-0.20410450999999927,0.025304510000000002,0.0115,0.0,-0.21329999999999927,0.0
256,BTCUSDT,short,1675972800000,1676102400000,2023-02-09T20:00:00+00:00,2023-02-11T08:00:00+00:00,22016.2,21681.9,22364.0,21017.1,0.001,36,max_hold,0.33429999999999926,0.31026604499999927,0.024033955000000003,0.011099999999998545,0.0,-0.058299999999999276,0.6112000000000007
257,BTCUSDT,long,1676386800000,1676491200000,2023-02-14T15:00:00+00:00,2023-02-15T20:00:00+00:00,22251.2,23481.7,21826.0,23481.7,0.001,29,target,1.2305,1.2053469049999999,0.025153095,0.011200000000000728,0.0,-0.4076000000000022,2.1057999999999995
258,BTCUSDT,long,1676494800000,1676588400000,2023-02-15T21:00:00+00:00,2023-02-16T23:00:00+00:00,24156.9,23557.5,23557.5,25906.8,0.001,26,stop,-0.5994000000000015,-0.6256429200000015,0.026242920000000003,0.012100000000002184,0.0,-0.6389000000000015,1.1330999999999987
259,BTCUSDT,short,1676829600000,1676883600000,2023-02-19T18:00:00+00:00,2023-02-20T09:00:00+00:00,24341.4,24830.0,24830.0,22923.6,0.001,15,stop,-0.48859999999999854,-0.5156442699999986,0.027044270000000006,0.01219999999999709,0.0,-0.6116999999999971,0.5144000000000014
260,BTCUSDT,short,1677153600000,1677157200000,2023-02-23T12:00:00+00:00,2023-02-23T13:00:00+00:00,23755.7,24168.9,24168.9,22563.8,0.001,1,stop,-0.41320000000000073,-0.4395585300000007,0.02635853,0.011899999999997817,0.0,-0.45929999999999926,0.16570000000000074
261,BTCUSDT,short,1677254400000,1677384000000,2023-02-24T16:00:00+00:00,2023-02-26T04:00:00+00:00,23325.4,23201.8,23820.2,21888.1,0.001,36,max_hold,0.12360000000000218,0.09801004000000219,0.025589960000000002,0.01169999999999709,0.0,-0.013899999999997817,0.6254000000000015
262,BTCUSDT,long,1677438000000,1677513600000,2023-02-26T19:00:00+00:00,2023-02-27T16:00:00+00:00,23492.6,23197.8,23197.8,24329.9,0.001,21,stop,-0.2947999999999993,-0.3204797199999993,0.025679720000000003,0.011799999999999273,0.0,-0.3525999999999985,0.3954000000000015
263,BTCUSDT,short,1677808800000,1677938400000,2023-03-03T02:00:00+00:00,2023-03-04T14:00:00+00:00,22126.1,22344.5,22568.1,20845.6,0.001,36,max_hold,-0.21840000000000145,-0.24285883000000147,0.02445883,0.011100000000002183,0.0,-0.3691000000000022,0.038099999999998545
264,BTCUSDT,long,1677981600000,1677981600000,2023-03-05T02:00:00+00:00,2023-03-05T02:00:00+00:00,22594.0,22377.2,22377.2,23199.1,0.001,0,stop_entry_bar,-0.21679999999999927,-0.24153415999999928,0.02473416,0.011299999999999272,0.0,-0.41909999999999853,0.006
265,BTCUSDT,short,1677985200000,1678050000000,2023-03-05T03:00:00+00:00,2023-03-05T21:00:00+00:00,22336.8,22498.6,22498.6,21895.8,0.001,18,stop,-0.16179999999999928,-0.1864594699999993,0.024659470000000003,0.011200000000000728,0.0,-0.21820000000000073,0.034799999999999276
266,BTCUSDT,short,1678388400000,1678410000000,2023-03-09T19:00:00+00:00,2023-03-10T01:00:00+00:00,20990.7,19791.6,21404.5,19791.6,0.001,6,target,1.1991000000000023,1.1766697350000024,0.022430265,0.010599999999998545,0.0,-0.018799999999999272,1.2387000000000008
267,BTCUSDT,long,1678644000000,1678658400000,2023-03-12T18:00:00+00:00,2023-03-12T22:00:00+00:00,20785.3,21541.5,20519.2,21541.5,0.001,4,target,0.7562000000000008,0.7329202600000008,0.02327974,0.010399999999997817,0.0,-0.10479999999999927,1.2147000000000008
268,BTCUSDT,long,1678719600000,1678798800000,2023-03-13T15:00:00+00:00,2023-03-14T13:00:00+00:00,23484.7,26262.7,22543.0,26262.7,0.001,22,target,2.778,2.75063893,0.02736107,0.011799999999999273,0.0,-0.031,3.0052000000000008
269,BTCUSDT,long,1679018400000,1679148000000,2023-03-17T02:00:00+00:00,2023-03-18T14:00:00+00:00,25667.4,27404.5,24817.7,28164.4,0.001,36,max_hold,1.7370999999999985,1.7079104549999986,0.029189545000000004,0.012900000000001455,0.0,-0.18740000000000145,2.096
270,BTCUSDT,short,1679515200000,1679558400000,2023-03-22T20:00:00+00:00,2023-03-23T08:00:00+00:00,26639.9,27723.3,27723.3,23446.4,0.001,12,stop,-1.083399999999998,-1.1132997599999979,0.02989976,0.013399999999997818,0.0,-1.0950999999999986,0.04990000000000146
271,BTCUSDT,short,1679929200000,1680058800000,2023-03-27T15:00:00+00:00,2023-03-29T03:00:00+00:00,26919.5,27385.0,27517.2,25180.5,0.001,36,max_hold,-0.4655,-0.495367475,0.029867475000000004,0.0135,0.0,-0.5805,0.4395
272,BTCUSDT,long,1680145200000,1680145200000,2023-03-30T03:00:00+00:00,2023-03-30T03:00:00+00:00,28966.6,28430.6,28430.6,30516.3,0.001,0,stop_entry_bar,-0.536,-0.56756846,0.031568460000000007,0.0145,0.0,-0.9005999999999985,0.020900000000001456
273,BTCUSDT,long,1680656400000,1680703200000,2023-04-05T01:00:00+00:00,2023-04-05T14:00:00+00:00,28670.1,28104.8,28104.8,30308.4,0.001,13,stop,-0.5652999999999992,-0.5965261949999993,0.031226195,0.014399999999997817,0.0,-0.6100999999999985,0.12990000000000146
274,BTCUSDT,long,1681077600000,1681164000000,2023-04-09T22:00:00+00:00,2023-04-10T22:00:00+00:00,28437.5,29376.4,28105.5,29376.4,0.001,24,target,0.9389000000000015,0.9071023550000015,0.031797645000000006,0.014299999999999273,0.0,-0.2839000000000015,1.4025
275,BTCUSDT,long,1681671600000,1681675200000,2023-04-16T19:00:00+00:00,2023-04-16T20:00:00+00:00,30502.4,30234.5,30234.5,31245.0,0.001,1,stop,-0.26790000000000147,-0.30130529500000147,0.033405295,0.01530000000000291,0.0,-0.3315,0.05759999999999855
276,BTCUSDT,short,1681693200000,1681815600000,2023-04-17T01:00:00+00:00,2023-04-18T11:00:00+00:00,29818.0,30237.0,30237.0,28620.9,0.001,34,stop,-0.419,-0.45203024999999997,0.033030250000000004,0.015,0.0,-0.56,0.7399000000000014
277,BTCUSDT,long,1681819200000,1681891200000,2023-04-18T12:00:00+00:00,2023-04-19T08:00:00+00:00,30384.9,29852.9,29852.9,31920.1,0.001,20,stop,-0.532,-0.56513079,0.03313079000000001,0.015200000000000729,0.0,-1.5849000000000015,0.09509999999999855
278,BTCUSDT,short,1681894800000,1682017200000,2023-04-19T09:00:00+00:00,2023-04-20T19:00:00+00:00,29133.5,28046.5,29515.2,28046.5,0.001,34,target,1.087,1.055551,0.031449000000000005,0.014599999999998545,0.0,-0.3565,1.1505
279,BTCUSDT,long,1682514000000,1682535600000,2023-04-26T13:00:00+00:00,2023-04-26T19:00:00+00:00,29970.1,29259.5,29259.5,32041.4,0.001,6,stop,-0.7105999999999986,-0.7431762799999986,0.03257628,0.015,0.0,-2.325899999999998,0.07190000000000146
280,BTCUSDT,short,1682539200000,1682553600000,2023-04-26T20:00:00+00:00,2023-04-27T00:00:00+00:00,27857.9,28982.4,28982.4,24540.4,0.001,4,stop,-1.1245,-1.155762165,0.031262165,0.014,0.0,-1.6220999999999985,0.6579000000000015
281,BTCUSDT,long,1682870400000,1682870400000,2023-04-30T16:00:00+00:00,2023-04-30T16:00:00+00:00,29659.3,29832.3,29581.5,29832.3,0.001,0,target_entry_bar,0.17300000000000001,0.14027962000000002,0.03272038,0.014899999999997818,0.0,-0.046099999999998545,0.20070000000000074
282,BTCUSDT,short,1682906400000,1683036000000,2023-05-01T02:00:00+00:00,2023-05-02T14:00:00+00:00,28473.9,27994.9,29136.7,26543.0,0.001,36,max_hold,0.47900000000000004,0.44794216000000003,0.031057840000000003,0.014299999999999273,0.0,-0.22609999999999855,0.8239000000000015
283,BTCUSDT,long,1683723600000,1683738000000,2023-05-10T13:00:00+00:00,2023-05-10T17:00:00+00:00,28174.3,27765.1,27765.1,29345.1,0.001,4,stop,-0.40920000000000073,-0.4399666700000007,0.030766670000000003,0.014099999999998544,0.0,-1.5077000000000007,0.12270000000000073
284,BTCUSDT,long,1684116000000,1684245600000,2023-05-15T02:00:00+00:00,2023-05-16T14:00:00+00:00,27205.2,26969.6,26790.6,28394.1,0.001,36,max_hold,-0.2356000000000022,-0.2653961400000022,0.029796140000000002,0.013600000000002183,0.0,-0.37320000000000075,0.4447999999999993
285,BTCUSDT,short,1684432800000,1684443600000,2023-05-18T18:00:00+00:00,2023-05-18T21:00:00+00:00,26461.8,26930.6,26930.6,25109.0,0.001,3,stop,-0.4687999999999993,-0.49816581999999926,0.02936582,0.013299999999999272,0.0,-0.5982000000000007,0.06179999999999927
286,BTCUSDT,long,1684605600000,1684609200000,2023-05-20T18:00:00+00:00,2023-05-20T19:00:00+00:00,27143.5,26967.1,26967.1,27618.8,0.001,1,stop,-0.17640000000000147,-0.20616083000000146,0.029760830000000002,0.013599999999998546,0.0,-0.1835,0.0
287,BTCUSDT,short,1684900800000,1684940400000,2023-05-24T04:00:00+00:00,2023-05-24T15:00:00+00:00,26756.6,26061.8,27006.1,26061.8,0.001,11,target,0.6947999999999993,0.6657498799999993,0.02905012,0.013400000000001456,0.0,-0.07740000000000145,0.6965999999999986
288,BTCUSDT,short,1685509200000,1685638800000,2023-05-31T05:00:00+00:00,2023-06-01T17:00:00+00:00,27229.7,27080.8,27683.3,25924.1,0.001,36,max_hold,0.14890000000000145,0.11902922500000145,0.029870775000000002,0.013700000000000727,0.0,-0.11820000000000074,0.6297000000000007
289,BTCUSDT,long,1685808000000,1685811600000,2023-06-03T16:00:00+00:00,2023-06-03T17:00:00+00:00,27306.5,27158.9,27158.9,27694.2,0.001,1,stop,-0.14759999999999854,-0.17755596999999854,0.029955970000000005,0.013700000000000727,0.0,-0.20550000000000002,0.0055
290,BTCUSDT,short,1685980800000,1686070800000,2023-06-05T16:00:00+00:00,2023-06-06T17:00:00+00:00,25978.9,26482.1,26482.1,24521.2,0.001,25,stop,-0.5031999999999971,-0.5320535499999971,0.028853550000000002,0.013000000000000001,0.0,-0.8010999999999986,0.6573000000000029
291,BTCUSDT,short,1686373200000,1686416400000,2023-06-10T05:00:00+00:00,2023-06-10T17:00:00+00:00,25740.9,26133.0,26133.0,24615.5,0.001,12,stop,-0.39209999999999856,-0.4206306449999986,0.028530645000000004,0.012899999999997818,0.0,-0.40309999999999857,0.38590000000000146
292,BTCUSDT,short,1686776400000,1686852000000,2023-06-14T21:00:00+00:00,2023-06-15T18:00:00+00:00,24907.6,25337.8,25337.8,23667.0,0.001,21,stop,-0.43020000000000075,-0.45783497000000073,0.027634970000000002,0.0125,0.0,-0.4784000000000015,0.13059999999999855
293,BTCUSDT,long,1687536000000,1687536000000,2023-06-23T16:00:00+00:00,2023-06-23T16:00:00+00:00,31248.6,30742.8,30742.8,32703.1,0.001,0,stop_entry_bar,-0.5057999999999993,-0.5398952699999993,0.03409527,0.01569999999999709,0.0,-0.5935,0.19190000000000146
294,BTCUSDT,short,1688133600000,1688140800000,2023-06-30T14:00:00+00:00,2023-06-30T16:00:00+00:00,30103.0,30491.5,30491.5,29005.4,0.001,2,stop,-0.3885,-0.421826975,0.03332697500000001,0.015099999999998545,0.0,-0.422,0.19470000000000073
295,BTCUSDT,long,1688400000000,1688400000000,2023-07-03T16:00:00+00:00,2023-07-03T16:00:00+00:00,31083.6,30834.6,30834.6,31768.3,0.001,0,stop_entry_bar,-0.249,-0.28305501,0.03405501,0.015599999999998546,0.0,-0.2733999999999978,0.04440000000000146
296,BTCUSDT,short,1688554800000,1688623200000,2023-07-05T11:00:00+00:00,2023-07-06T06:00:00+00:00,30405.8,30672.0,30672.0,29668.0,0.001,19,stop,-0.2662000000000007,-0.2997927900000007,0.03359279,0.015299999999999273,0.0,-0.30920000000000075,0.23
297,BTCUSDT,long,1688634000000,1688641200000,2023-07-06T09:00:00+00:00,2023-07-06T11:00:00+00:00,31341.3,30870.0,30870.0,32692.1,0.001,2,stop,-0.4712999999999993,-0.5055162149999993,0.034216215,0.015700000000000727,0.0,-0.6552999999999993,0.22670000000000073
298,BTCUSDT,long,1689264000000,1689264000000,2023-07-13T16:00:00+00:00,2023-07-13T16:00:00+00:00,30931.0,30736.8,30736.8,31451.2,0.001,0,stop_entry_bar,-0.19420000000000073,-0.22811729000000075,0.03391729,0.0155,0.0,-0.231,0.028599999999998547
299,BTCUSDT,short,1689357600000,1689487200000,2023-07-14T18:00:00+00:00,2023-07-16T06:00:00+00:00,30659.4,30225.0,31158.4,29224.3,0.001,36,max_hold,0.43440000000000145,0.40091358000000143,0.03348642,0.015399999999997818,0.0,-0.10059999999999855,0.7828000000000029
300,BTCUSDT,short,1689865200000,1689994800000,2023-07-20T15:00:00+00:00,2023-07-22T03:00:00+00:00,29751.8,29926.2,30073.6,28846.1,0.001,36,max_hold,-0.17440000000000147,-0.2072229000000015,0.0328229,0.014900000000001455,0.0,-0.30440000000000145,0.28300000000000003
301,BTCUSDT,long,1690135200000,1690146000000,2023-07-23T18:00:00+00:00,2023-07-23T21:00:00+00:00,30125.2,29930.8,29930.8,30647.9,0.001,3,stop,-0.19440000000000146,-0.22743080000000146,0.0330308,0.015100000000002183,0.0,-0.21620000000000072,0.243
302,BTCUSDT,short,1690192800000,1690322400000,2023-07-24T10:00:00+00:00,2023-07-25T22:00:00+00:00,29147.4,29217.9,29411.2,28414.4,0.001,36,max_hold,-0.07050000000000001,-0.10260091500000001,0.03210091500000001,0.014599999999998545,0.0,-0.23209999999999856,0.31740000000000146
303,BTCUSDT,long,1690556400000,1690563600000,2023-07-28T15:00:00+00:00,2023-07-28T17:00:00+00:00,29490.4,29266.6,29266.6,30103.1,0.001,2,stop,-0.2238000000000029,-0.25611635000000293,0.03231635,0.014800000000002912,0.0,-0.3098000000000029,0.04529999999999927
304,BTCUSDT,long,1690729200000,1690729200000,2023-07-30T15:00:00+00:00,2023-07-30T15:00:00+00:00,29391.9,29302.5,29302.5,29601.4,0.001,0,stop_entry_bar,-0.08940000000000145,-0.12168192000000146,0.032281920000000006,0.014700000000000728,0.0,-0.09810000000000219,0.05059999999999855
305,BTCUSDT,short,1690747200000,1690761600000,2023-07-30T20:00:00+00:00,2023-07-31T00:00:00+00:00,29172.6,29331.3,29331.3,28755.0,0.001,4,stop,-0.15870000000000073,-0.19087714500000075,0.032177145000000004,0.014600000000002182,0.0,-0.35320000000000074,0.16659999999999855
306,BTCUSDT,long,1690916400000,1690992000000,2023-08-01T19:00:00+00:00,2023-08-02T16:00:00+00:00,29276.1,28937.6,28937.6,30233.2,0.001,21,stop,-0.3385,-0.370517535,0.032017535,0.01469999999999709,0.0,-0.3697999999999993,0.7838000000000029
307,BTCUSDT,short,1692288000000,1692306000000,2023-08-17T16:00:00+00:00,2023-08-17T21:00:00+00:00,27906.9,26846.6,28279.0,26846.6,0.001,5,target,1.060300000000003,1.0301855750000029,0.030114425,0.014,0.0,-0.17109999999999856,3.3259000000000016
308,BTCUSDT,short,1692975600000,1693015200000,2023-08-25T15:00:00+00:00,2023-08-26T02:00:00+00:00,25808.5,26103.6,26103.6,24975.7,0.001,11,stop,-0.29509999999999853,-0.32365165499999854,0.028551655000000002,0.013000000000000001,0.0,-0.32090000000000146,0.011099999999998545
309,BTCUSDT,short,1693159200000,1693159200000,2023-08-27T18:00:00+00:00,2023-08-27T18:00:00+00:00,26041.1,26080.3,26080.3,25975.9,0.001,0,stop_entry_bar,-0.03920000000000073,-0.06786677000000073,0.02866677,0.013100000000002183,0.0,-0.06270000000000073,0.021099999999998544
310,BTCUSDT,long,1693321200000,1693400400000,2023-08-29T15:00:00+00:00,2023-08-30T13:00:00+00:00,27498.6,27147.6,27147.6,28496.5,0.001,22,stop,-0.35100000000000003,-0.38105541000000004,0.03005541,0.013799999999999273,0.0,-0.3978999999999978,0.6694000000000014
311,BTCUSDT,short,1693501200000,1693630800000,2023-08-31T17:00:00+00:00,2023-09-02T05:00:00+00:00,26210.1,25768.5,26777.6,24560.4,0.001,36,max_hold,0.44159999999999855,0.41301176999999856,0.028588230000000003,0.013200000000000729,0.0,-0.18070000000000072,0.8980999999999986
312,BTCUSDT,long,1694023200000,1694023200000,2023-09-06T18:00:00+00:00,2023-09-06T18:00:00+00:00,25858.6,25692.7,25692.7,26304.3,0.001,0,stop_entry_bar,-0.16589999999999783,-0.19425321499999781,0.028353215,0.013000000000000001,0.0,-0.2845999999999986,0.09140000000000145
313,BTCUSDT,short,1694444400000,1694487600000,2023-09-11T15:00:00+00:00,2023-09-12T03:00:00+00:00,25126.2,25406.5,25406.5,24336.2,0.001,12,stop,-0.28029999999999927,-0.30809298499999926,0.027792985000000003,0.012599999999998545,0.0,-0.8227999999999993,0.23820000000000074
314,BTCUSDT,long,1694491200000,1694620800000,2023-09-12T04:00:00+00:00,2023-09-13T16:00:00+00:00,25801.1,26229.2,25276.6,27323.1,0.001,36,max_hold,0.4281000000000022,0.3994833350000022,0.028616665000000003,0.012899999999997818,0.0,-0.20029999999999928,0.7789000000000015
315,BTCUSDT,long,1694818800000,1694908800000,2023-09-15T23:00:00+00:00,2023-09-17T00:00:00+00:00,26777.6,26424.5,26424.5,27783.7,0.001,25,stop,-0.3530999999999985,-0.3823611549999985,0.029261155000000004,0.013399999999997818,0.0,-0.36159999999999853,0.11240000000000146
316,BTCUSDT,long,1695006000000,1695034800000,2023-09-18T03:00:00+00:00,2023-09-18T11:00:00+00:00,26661.9,27193.1,26467.0,27193.1,0.001,8,target,0.5311999999999971,0.5015797499999971,0.02962025,0.013400000000001456,0.0,-0.11180000000000291,0.5730999999999986
317,BTCUSDT,long,1695578400000,1695578400000,2023-09-24T18:00:00+00:00,2023-09-24T18:00:00+00:00,26674.7,26591.3,26591.3,26871.3,0.001,0,stop_entry_bar,-0.08340000000000146,-0.11269630000000147,0.029296300000000004,0.013400000000001456,0.0,-0.28220000000000073,0.06520000000000073
318,BTCUSDT,short,1695600000000,1695672000000,2023-09-25T00:00:00+00:00,2023-09-25T20:00:00+00:00,26219.2,26428.6,26428.6,25643.9,0.001,20,stop,-0.2093999999999978,-0.2383562899999978,0.028956290000000003,0.013200000000000729,0.0,-0.22079999999999927,0.25420000000000076
319,BTCUSDT,long,1695816000000,1695819600000,2023-09-27T12:00:00+00:00,2023-09-27T13:00:00+00:00,26769.1,26565.4,26565.4,27327.1,0.001,1,stop,-0.2036999999999971,-0.23303397499999712,0.029333974999999998,0.013399999999997818,0.0,-0.21659999999999854,0.08080000000000291
320,BTCUSDT,short,1695826800000,1695859200000,2023-09-27T15:00:00+00:00,2023-09-28T00:00:00+00:00,26170.9,26493.7,26493.7,25255.0,0.001,9,stop,-0.32279999999999925,-0.35176552999999927,0.028965530000000003,0.013099999999998545,0.0,-0.379,0.07090000000000146
321,BTCUSDT,long,1696201200000,1696201200000,2023-10-01T23:00:00+00:00,2023-10-01T23:00:00+00:00,28003.6,27858.4,27858.4,28383.7,0.001,0,stop_entry_bar,-0.14519999999999708,-0.17592409999999709,0.030724100000000004,0.014,0.0,-0.1525,0.016400000000001455
322,BTCUSDT,long,1696514400000,1696518000000,2023-10-05T14:00:00+00:00,2023-10-05T15:00:00+00:00,27990.6,27754.2,27754.2,28643.8,0.001,1,stop,-0.23639999999999783,-0.2670596399999978,0.030659640000000002,0.014,0.0,-0.6105999999999986,0.11940000000000146
323,BTCUSDT,short,1696521600000,1696604400000,2023-10-05T16:00:00+00:00,2023-10-06T15:00:00+00:00,27526.2,27821.3,27821.3,26696.2,0.001,23,stop,-0.29509999999999853,-0.32554112499999854,0.030441125000000006,0.013799999999999273,0.0,-0.5093999999999979,0.37020000000000075
324,BTCUSDT,short,1696993200000,1697122800000,2023-10-11T03:00:00+00:00,2023-10-12T15:00:00+00:00,27096.3,26690.3,27435.6,26133.4,0.001,36,max_hold,0.406,0.37641737000000003,0.029582630000000002,0.013600000000002183,0.0,-0.22370000000000073,0.5712999999999993
325,BTCUSDT,long,1697403600000,1697403600000,2023-10-15T21:00:00+00:00,2023-10-15T21:00:00+00:00,27207.5,27184.6,27184.6,27221.8,0.001,0,stop_entry_bar,-0.022900000000001457,-0.05281565500000146,0.029915655,0.013599999999998546,0.0,-0.13279999999999928,0.010200000000000728
326,BTCUSDT,long,1697436000000,1697461200000,2023-10-16T06:00:00+00:00,2023-10-16T13:00:00+00:00,27917.4,28872.8,27580.3,28872.8,0.001,7,target,0.9553999999999978,0.9241653899999978,0.031234610000000003,0.014,0.0,-0.29,2.8025999999999986
327,BTCUSDT,long,1698015600000,1698022800000,2023-10-22T23:00:00+00:00,2023-10-23T01:00:00+00:00,30038.5,30508.5,29861.7,30508.5,0.001,2,target,0.47000000000000003,0.43669915000000004,0.03330085,0.015099999999998545,0.0,-0.16909999999999856,0.6115
328,BTCUSDT,long,1698843600000,1698843600000,2023-11-01T13:00:00+00:00,2023-11-01T13:00:00+00:00,34842.9,34519.2,34519.2,35744.1,0.001,0,stop_entry_bar,-0.3237000000000044,-0.36184915500000436,0.038149155000000004,0.0175,0.0,-0.44290000000000146,0.4060999999999986
329,BTCUSDT,long,1698872400000,1698930000000,2023-11-01T21:00:00+00:00,2023-11-02T13:00:00+00:00,35512.3,34571.0,34571.0,38261.8,0.001,16,stop,-0.9413000000000029,-0.9798458150000029,0.038545815000000004,0.01780000000000291,0.0,-0.9677000000000043,0.48759999999999853
330,BTCUSDT,long,1699138800000,1699189200000,2023-11-04T23:00:00+00:00,2023-11-05T13:00:00+00:00,35189.4,34857.6,34857.6,36114.7,0.001,14,stop,-0.3318000000000029,-0.37032585000000295,0.03852585,0.017599999999998544,0.0,-0.43140000000000145,0.16059999999999855
331,BTCUSDT,long,1699383600000,1699495200000,2023-11-07T19:00:00+00:00,2023-11-09T02:00:00+00:00,35416.5,36769.4,34941.9,36769.4,0.001,31,target,1.3529000000000015,1.3131977550000016,0.039702245000000004,0.01769999999999709,0.0,-0.3435,1.4715
332,BTCUSDT,short,1699977600000,1699977600000,2023-11-14T16:00:00+00:00,2023-11-14T16:00:00+00:00,36150.7,36360.2,36360.2,35594.3,0.001,0,stop_entry_bar,-0.2095,-0.249380995,0.039880995,0.01810000000000582,0.0,-0.2983000000000029,0.012299999999995634
333,BTCUSDT,short,1699988400000,1699995600000,2023-11-14T19:00:00+00:00,2023-11-14T21:00:00+00:00,35224.7,35556.9,35556.9,34287.4,0.001,2,stop,-0.3322000000000044,-0.37112988000000435,0.03892988,0.017700000000004365,0.0,-0.41530000000000294,0.1393999999999942
334,BTCUSDT,long,1700074800000,1700139600000,2023-11-15T19:00:00+00:00,2023-11-16T13:00:00+00:00,37432.6,36744.3,36744.3,39422.7,0.001,18,stop,-0.6882999999999957,-0.7290972949999956,0.040797295000000004,0.018799999999995636,0.0,-0.7315999999999986,0.5674000000000015
335,BTCUSDT,long,1700679600000,1700809200000,2023-11-22T19:00:00+00:00,2023-11-24T07:00:00+00:00,37220.5,37386.2,36528.5,39221.3,0.001,36,max_hold,0.1656999999999971,0.1246663149999971,0.041033685,0.01869999999999709,0.0,-0.3641999999999971,0.6595
336,BTCUSDT,long,1701424800000,1701439200000,2023-12-01T10:00:00+00:00,2023-12-01T14:00:00+00:00,38725.5,38215.5,38215.5,40177.9,0.001,4,stop,-0.51,-0.55231755,0.04231755,0.019400000000001454,0.0,-0.5159000000000015,0.11850000000000001
337,BTCUSDT,long,1701547200000,1701547200000,2023-12-02T20:00:00+00:00,2023-12-02T20:00:00+00:00,39436.2,39397.0,39397.0,39474.7,0.001,0,stop_entry_bar,-0.03919999999999709,-0.08255825999999708,0.043358259999999996,0.019799999999995634,0.0,-0.1635,0.1618000000000029
338,BTCUSDT,long,1703080800000,1703210400000,2023-12-20T14:00:00+00:00,2023-12-22T02:00:00+00:00,43838.8,44159.1,42923.7,46496.2,0.001,36,max_hold,0.32029999999999564,0.2719011549999956,0.04839884500000001,0.022,0.0,-0.5787000000000044,0.5457999999999956
339,BTCUSDT,short,1703458800000,1703458800000,2023-12-24T23:00:00+00:00,2023-12-24T23:00:00+00:00,42972.8,43199.1,43199.1,42380.0,0.001,0,stop_entry_bar,-0.22629999999999564,-0.2736945449999957,0.04739454500000001,0.021500000000000002,0.0,-0.241,0.06990000000000146
340,BTCUSDT,short,1703570400000,1703700000000,2023-12-26T06:00:00+00:00,2023-12-27T18:00:00+00:00,42771.6,43052.2,43356.2,41104.1,0.001,36,max_hold,-0.2805999999999986,-0.3278030899999986,0.04720309,0.021400000000001456,0.0,-0.5055000000000001,1.1745999999999985
341,BTCUSDT,short,1703865600000,1703995200000,2023-12-29T16:00:00+00:00,2023-12-31T04:00:00+00:00,42280.4,42209.4,43046.8,40066.1,0.001,36,max_hold,0.07100000000000001,0.02453061,0.046469390000000006,0.02119999999999709,0.0,-0.3741999999999971,0.9972000000000044
342,BTCUSDT,long,1704153600000,1704283200000,2024-01-02T00:00:00+00:00,2024-01-03T12:00:00+00:00,44252.5,43728.9,43429.9,46631.0,0.001,36,max_hold,-0.5235999999999985,-0.5719897699999985,0.04838977,0.02219999999999709,0.0,-3.9195,1.6975
343,BTCUSDT,long,1704740400000,1704801600000,2024-01-08T19:00:00+00:00,2024-01-09T12:00:00+00:00,46993.4,45409.0,45409.0,51653.7,0.001,17,stop,-1.5844000000000016,-1.6352213200000016,0.05082132,0.0235,0.0,-1.5934000000000015,0.31859999999999855
344,BTCUSDT,long,1704985200000,1704985200000,2024-01-11T15:00:00+00:00,2024-01-11T15:00:00+00:00,48601.4,47526.4,47526.4,51732.3,0.001,0,stop_entry_bar,-1.075,-1.12787029,0.05287029000000001,0.02430000000000291,0.0,-2.113300000000003,0.06959999999999855
345,BTCUSDT,short,1705075200000,1705204800000,2024-01-12T16:00:00+00:00,2024-01-14T04:00:00+00:00,44472.8,42691.1,45656.8,41010.0,0.001,36,max_hold,1.7817000000000045,1.7337598550000044,0.047940145,0.022299999999995636,0.0,-0.24689999999999418,3.102800000000003
346,BTCUSDT,short,1705330800000,1705330800000,2024-01-15T15:00:00+00:00,2024-01-15T15:00:00+00:00,42183.0,42460.8,42460.8,41433.9,0.001,0,stop_entry_bar,-0.27780000000000293,-0.3243540900000029,0.046554090000000006,0.02119999999999709,0.0,-0.29909999999999853,0.027
347,BTCUSDT,short,1705597200000,1705680000000,2024-01-18T17:00:00+00:00,2024-01-19T16:00:00+00:00,41932.9,40389.6,42475.3,40389.6,0.001,23,target,1.543300000000003,1.498022625000003,0.04527737500000001,0.021,0.0,-0.259,1.6209000000000016
348,BTCUSDT,long,1706266800000,1706396400000,2024-01-26T11:00:00+00:00,2024-01-27T23:00:00+00:00,40692.8,42135.4,40122.7,42321.6,0.001,36,max_hold,1.4425999999999986,1.3970444899999985,0.04555551000000001,0.020400000000001455,0.0,-0.027700000000004367,1.5465
349,BTCUSDT,long,1706418000000,1706446800000,2024-01-28T05:00:00+00:00,2024-01-28T13:00:00+00:00,42731.9,42229.2,42229.2,44154.0,0.001,8,stop,-0.5027000000000044,-0.5494286050000043,0.046728605000000006,0.021400000000001456,0.0,-0.5118000000000029,0.10409999999999854
350,BTCUSDT,long,1706544000000,1706673600000,2024-01-29T16:00:00+00:00,2024-01-31T04:00:00+00:00,42644.5,42918.1,41816.8,45042.4,0.001,36,max_hold,0.27359999999999857,0.22654056999999855,0.047059430000000006,0.021400000000001456,0.0,-0.1488000000000029,1.2435
351,BTCUSDT,long,1707447600000,1707577200000,2024-02-09T03:00:00+00:00,2024-02-10T15:00:00+00:00,46296.0,47252.8,45310.2,49161.0,0.001,36,max_hold,0.956800000000003,0.905348160000003,0.05145184,0.02319999999999709,0.0,-0.4659000000000015,1.934300000000003
352,BTCUSDT,long,1707624000000,1707753600000,2024-02-11T04:00:00+00:00,2024-02-12T16:00:00+00:00,48541.9,49925.5,47663.3,51078.4,0.001,36,max_hold,1.3835999999999986,1.3294429299999986,0.05415707,0.02430000000000291,0.0,-0.8399000000000014,1.4240999999999986
353,BTCUSDT,short,1707836400000,1707854400000,2024-02-13T15:00:00+00:00,2024-02-13T20:00:00+00:00,48686.8,49499.1,49499.1,46347.6,0.001,5,stop,-0.8122999999999957,-0.8663022449999958,0.054002245000000004,0.02439999999999418,0.0,-0.8332999999999956,0.3858000000000029
354,BTCUSDT,long,1707901200000,1708030800000,2024-02-14T09:00:00+00:00,2024-02-15T21:00:00+00:00,50827.1,51703.6,49788.9,53840.0,0.001,36,max_hold,0.8765000000000001,0.820108115,0.056391885,0.025500000000000002,0.0,-0.1945,2.0319000000000016
355,BTCUSDT,short,1708178400000,1708203600000,2024-02-17T14:00:00+00:00,2024-02-17T21:00:00+00:00,51195.4,51694.2,51694.2,49801.8,0.001,7,stop,-0.49879999999999564,-0.5553892799999957,0.05658928,0.02569999999999709,0.0,-0.9135999999999985,0.5479000000000015
356,BTCUSDT,long,1708963200000,1708995600000,2024-02-26T16:00:00+00:00,2024-02-27T01:00:00+00:00,52898.7,55590.6,51966.2,55590.6,0.001,9,target,2.6919000000000013,2.632230885000001,0.05966911500000001,0.0265,0.0,-0.1215,2.989800000000003
357,BTCUSDT,long,1709107200000,1709136000000,2024-02-28T08:00:00+00:00,2024-02-28T16:00:00+00:00,58329.1,61664.6,57178.5,61664.6,0.001,8,target,3.3355,3.269503465,0.065996535,0.02919999999999709,0.0,-0.10219999999999708,4.343200000000005
358,BTCUSDT,long,1710036000000,1710108000000,2024-03-10T02:00:00+00:00,2024-03-10T22:00:00+00:00,69064.4,68500.0,68500.0,70618.9,0.001,20,stop,-0.5643999999999942,-0.6400604199999942,0.07566042,0.03459999999999127,0.0,-0.9093999999999942,0.9354000000000088
359,BTCUSDT,long,1710144000000,1710262800000,2024-03-11T08:00:00+00:00,2024-03-12T17:00:00+00:00,71259.6,69373.1,69373.1,76775.8,0.001,33,stop,-1.8865,-1.9638479850000001,0.07734798500000001,0.03570000000001164,0.0,-2.659600000000006,2.110399999999994
360,BTCUSDT,short,1711951200000,1712052000000,2024-04-01T06:00:00+00:00,2024-04-02T10:00:00+00:00,69177.5,65571.1,70425.9,65571.1,0.001,28,target,3.606399999999994,3.5322882699999942,0.07411173000000001,0.03469999999999709,0.0,-0.9675,3.7275
361,BTCUSDT,long,1712444400000,1712563200000,2024-04-06T23:00:00+00:00,2024-04-08T08:00:00+00:00,69075.3,71769.5,68131.0,71769.5,0.001,33,target,2.6941999999999973,2.616735359999997,0.07746464,0.03460000000000582,0.0,-0.2736999999999971,3.295699999999997
362,BTCUSDT,long,1712566800000,1712642400000,2024-04-08T09:00:00+00:00,2024-04-09T06:00:00+00:00,72093.3,70726.7,70726.7,76049.2,0.001,21,stop,-1.3666000000000058,-1.4451510000000058,0.078551,0.03610000000000582,0.0,-1.493300000000003,0.7970999999999913
363,BTCUSDT,short,1712948400000,1712980800000,2024-04-12T19:00:00+00:00,2024-04-13T04:00:00+00:00,66489.4,67510.9,67510.9,63557.7,0.001,9,stop,-1.0215,-1.095200165,0.073700165,0.03330000000000291,0.0,-1.486,0.7347999999999884
364,BTCUSDT,short,1713038400000,1713038400000,2024-04-13T20:00:00+00:00,2024-04-13T20:00:00+00:00,64746.7,62155.0,65653.8,62155.0,0.001,0,target_entry_bar,2.5916999999999972,2.521904064999997,0.069795935,0.032400000000001455,0.0,-0.1511000000000058,5.094199999999997
365,BTCUSDT,short,1713193200000,1713193200000,2024-04-15T15:00:00+00:00,2024-04-15T15:00:00+00:00,64189.2,64590.50000000001,64590.5,63113.6,0.001,0,stop_entry_bar,-0.40130000000000293,-0.4721288350000029,0.070828835,0.032200000000004364,0.0,-0.5808000000000029,0.3891999999999971
366,BTCUSDT,long,1713510000000,1713639600000,2024-04-19T07:00:00+00:00,2024-04-20T19:00:00+00:00,64628.2,64932.5,61760.6,73102.1,0.001,36,max_hold,0.3043000000000029,0.2330416150000029,0.07125838500000001,0.03229999999999564,0.0,-1.718199999999997,0.8518000000000029
367,BTCUSDT,short,1714550400000,1714586400000,2024-05-01T08:00:00+00:00,2024-05-01T18:00:00+00:00,57453.2,59336.9,59336.9,51917.4,0.001,10,stop,-1.8837000000000044,-1.9479345550000045,0.064234555,0.02880000000000291,0.0,-1.985,0.9155
368,BTCUSDT,long,1714741200000,1714870800000,2024-05-03T13:00:00+00:00,2024-05-05T01:00:00+00:00,60635.1,63480.0,59202.8,64811.0,0.001,36,max_hold,2.8449000000000013,2.7766366950000014,0.06826330500000001,0.030400000000001457,0.0,-0.15279999999999563,3.912800000000003
369,BTCUSDT,short,1715353200000,1715482800000,2024-05-10T15:00:00+00:00,2024-05-12T03:00:00+00:00,61004.1,60898.9,62141.3,57715.4,0.001,36,max_hold,0.10519999999999709,0.038153349999997074,0.06704665000000001,0.030599999999998545,0.0,-0.4873000000000029,0.8866999999999972
370,BTCUSDT,long,1715778000000,1715817600000,2024-05-15T13:00:00+00:00,2024-05-16T00:00:00+00:00,63767.0,66602.0,62779.5,66602.0,0.001,11,target,2.835,2.76329705,0.07170295000000002,0.031900000000001455,0.0,-0.2528000000000029,2.8770000000000002
371,BTCUSDT,long,1716235200000,1716364800000,2024-05-20T20:00:00+00:00,2024-05-22T08:00:00+00:00,70031.5,69759.6,68351.0,74932.6,0.001,36,max_hold,-0.2718999999999942,-0.3487851049999942,0.07688510500000001,0.035,0.0,-1.1315,2.101300000000003
372,BTCUSDT,short,1716472800000,1716573600000,2024-05-23T14:00:00+00:00,2024-05-24T18:00:00+00:00,68028.7,69228.5,69228.5,64565.6,0.001,28,stop,-1.1998000000000029,-1.275291460000003,0.07549146000000001,0.03410000000000582,0.0,-1.2139000000000089,1.8720999999999912
373,BTCUSDT,long,1717329600000,1717351200000,2024-06-02T12:00:00+00:00,2024-06-02T18:00:00+00:00,68318.2,67705.8,67705.8,70019.0,0.001,6,stop,-0.6123999999999942,-0.6872131999999942,0.07481320000000002,0.03419999999999709,0.0,-0.812,0.2276999999999971
374,BTCUSDT,short,1717783200000,1717912800000,2024-06-07T18:00:00+00:00,2024-06-09T06:00:00+00:00,69799.0,69325.0,71245.9,65598.2,0.001,36,max_hold,0.47400000000000003,0.3974818,0.07651820000000001,0.035,0.0,-0.1258000000000029,1.3940000000000001
375,BTCUSDT,long,1717938000000,1717938000000,2024-06-09T13:00:00+00:00,2024-06-09T13:00:00+00:00,69769.7,69415.1,69415.1,70693.5,0.001,0,stop_entry_bar,-0.35459999999999126,-0.4311516399999913,0.07655164,0.03489999999999418,0.0,-0.4821999999999971,0.05140000000000873
376,BTCUSDT,long,1718197200000,1718218800000,2024-06-12T13:00:00+00:00,2024-06-12T19:00:00+00:00,69374.8,68309.4,68309.4,72432.2,0.001,6,stop,-1.0654000000000088,-1.1411263100000089,0.07572631,0.03469999999999709,0.0,-2.159600000000006,0.6531999999999971
377,BTCUSDT,short,1718384400000,1718398800000,2024-06-14T17:00:00+00:00,2024-06-14T21:00:00+00:00,65253.4,66473.8,66473.8,61723.5,0.001,4,stop,-1.2204000000000015,-1.2928499600000014,0.07244996000000001,0.03269999999999709,0.0,-1.3954000000000015,0.201
378,BTCUSDT,long,1719104400000,1719140400000,2024-06-23T01:00:00+00:00,2024-06-23T11:00:00+00:00,64488.4,64242.59999999999,64242.6,65097.0,0.001,10,stop,-0.2458000000000029,-0.3166020500000029,0.07080205,0.03230000000000291,0.0,-0.2767000000000044,0.011599999999998546
379,BTCUSDT,short,1719176400000,1719194400000,2024-06-23T21:00:00+00:00,2024-06-24T02:00:00+00:00,63692.6,62659.0,64079.7,62659.0,0.001,5,target,1.0335999999999985,0.9641066199999986,0.06949338,0.031900000000001455,0.0,-0.14,1.0545999999999986
380,BTCUSDT,short,1719223200000,1719259200000,2024-06-24T10:00:00+00:00,2024-06-24T20:00:00+00:00,61339.4,58744.1,62245.3,58744.1,0.001,10,target,2.595300000000003,2.529254075000003,0.066045925,0.03069999999999709,0.0,-0.33759999999999857,3.1214000000000017
381,BTCUSDT,long,1719734400000,1719784800000,2024-06-30T08:00:00+00:00,2024-06-30T22:00:00+00:00,61564.4,62550.8,61194.5,62550.8,0.001,14,target,0.9864000000000015,0.9181366400000015,0.06826336000000001,0.030800000000002912,0.0,-0.23940000000000147,1.3909000000000016
382,BTCUSDT,long,1719788400000,1719918000000,2024-06-30T23:00:00+00:00,2024-07-02T11:00:00+00:00,62926.4,62715.5,61999.2,65582.0,0.001,36,max_hold,-0.21090000000000145,-0.28000304500000145,0.069103045,0.0315,0.0,-0.5394000000000014,0.9225999999999985
383,BTCUSDT,short,1720058400000,1720152000000,2024-07-04T02:00:00+00:00,2024-07-05T04:00:00+00:00,58532.4,53835.5,60137.1,53835.5,0.001,26,target,4.696900000000001,4.635097655000001,0.06180234500000001,0.029299999999995635,0.0,-0.6059000000000014,5.202900000000001
384,BTCUSDT,long,1720429200000,1720447200000,2024-07-08T09:00:00+00:00,2024-07-08T14:00:00+00:00,57796.8,55644.7,55644.7,64137.1,0.001,5,stop,-2.1521000000000057,-2.2144928250000055,0.062392825000000006,0.028900000000001456,0.0,-2.906800000000003,0.4031999999999971
385,BTCUSDT,long,1720864800000,1720990800000,2024-07-13T10:00:00+00:00,2024-07-14T21:00:00+00:00,58683.5,60575.0,58013.8,60575.0,0.001,35,target,1.8915,1.825907825,0.065592175,0.029400000000001456,0.0,-0.429,2.7289000000000017
386,BTCUSDT,long,1720994400000,1721080800000,2024-07-14T22:00:00+00:00,2024-07-15T22:00:00+00:00,61290.8,64460.00000000001,60193.5,64460.0,0.001,24,target,3.1691999999999974,3.1000370599999973,0.06916294,0.030700000000004366,0.0,-0.6682000000000043,3.4858999999999942
387,BTCUSDT,long,1721498400000,1721509200000,2024-07-20T18:00:00+00:00,2024-07-20T21:00:00+00:00,67402.5,66828.2,66828.2,68990.7,0.001,3,stop,-0.5743000000000029,-0.6481268850000029,0.07382688500000001,0.03369999999999709,0.0,-0.6648000000000029,0.14530000000000293
388,BTCUSDT,long,1721746800000,1721746800000,2024-07-23T15:00:00+00:00,2024-07-23T15:00:00+00:00,67233.7,66684.0,66684.0,68752.4,0.001,0,stop_entry_bar,-0.5496999999999971,-0.623354734999997,0.073654735,0.03359999999999127,0.0,-0.9436999999999971,0.0
389,BTCUSDT,long,1722088800000,1722099600000,2024-07-27T14:00:00+00:00,2024-07-27T17:00:00+00:00,69240.6,68474.8,68474.8,71399.1,0.001,3,stop,-0.7658000000000029,-0.841543470000003,0.07574347000000001,0.034700000000011645,0.0,-0.8402000000000116,0.14109999999999126
390,BTCUSDT,long,1722222000000,1722261600000,2024-07-29T03:00:00+00:00,2024-07-29T14:00:00+00:00,69561.9,68451.6,68451.6,72754.1,0.001,11,stop,-1.1102999999999883,-1.1862074249999883,0.075907425,0.03479999999998836,0.0,-1.5278999999999943,0.5191000000000058
391,BTCUSDT,short,1722456000000,1722585600000,2024-07-31T20:00:00+00:00,2024-08-02T08:00:00+00:00,65195.4,64146.0,66451.2,61565.5,0.001,36,max_hold,1.0494000000000014,0.9782622300000015,0.07113777,0.03269999999999709,0.0,-0.45459999999999856,2.9242000000000044
392,BTCUSDT,short,1722610800000,1722740400000,2024-08-02T15:00:00+00:00,2024-08-04T03:00:00+00:00,63114.0,60856.3,64323.5,59611.8,0.001,36,max_hold,2.257699999999997,2.1895163349999973,0.068183665,0.031599999999998546,0.0,-0.486,3.314
393,BTCUSDT,short,1722783600000,1722816000000,2024-08-04T15:00:00+00:00,2024-08-05T00:00:00+00:00,59534.2,56645.5,60536.8,56645.5,0.001,9,target,2.888699999999997,2.824801164999997,0.063898835,0.02980000000000291,0.0,-0.04570000000000437,3.884199999999997
394,BTCUSDT,short,1722819600000,1722837600000,2024-08-05T01:00:00+00:00,2024-08-05T06:00:00+00:00,56113.8,49071.6,58501.4,49071.6,0.001,5,target,7.042200000000005,6.984348030000005,0.05785197,0.028099999999998546,0.0,-0.15989999999999419,7.225800000000003
395,BTCUSDT,short,1723471200000,1723471200000,2024-08-12T14:00:00+00:00,2024-08-12T14:00:00+00:00,58104.6,59833.1,59833.1,53035.6,0.001,0,stop_entry_bar,-1.7285,-1.7933657349999998,0.06486573500000001,0.029099999999998544,0.0,-2.5614000000000017,0.33059999999999856
396,BTCUSDT,long,1723474800000,1723604400000,2024-08-12T15:00:00+00:00,2024-08-14T03:00:00+00:00,60295.4,60775.9,58037.4,66948.9,0.001,36,max_hold,0.4805,0.413910785,0.06658921500000001,0.030200000000004366,0.0,-1.9354000000000016,1.2495999999999985
397,BTCUSDT,short,1723644000000,1723773600000,2024-08-14T14:00:00+00:00,2024-08-16T02:00:00+00:00,59553.1,57515.3,60906.3,55613.1,0.001,36,max_hold,2.037799999999996,1.9734123799999959,0.06438762,0.02980000000000291,0.0,-0.26690000000000147,3.5840999999999985
398,BTCUSDT,long,1723950000000,1723950000000,2024-08-18T03:00:00+00:00,2024-08-18T03:00:00+00:00,60134.0,59362.1,59362.1,62321.6,0.001,0,stop_entry_bar,-0.7719000000000015,-0.8376228550000014,0.065722855,0.030099999999998545,0.0,-0.8755000000000001,0.11580000000000291
399,BTCUSDT,short,1724025600000,1724108400000,2024-08-19T00:00:00+00:00,2024-08-19T23:00:00+00:00,58360.9,59452.7,59452.7,55201.8,0.001,23,stop,-1.0917999999999957,-1.1565974799999956,0.06479748,0.02919999999999709,0.0,-1.2245,0.6109000000000014
400,BTCUSDT,short,1724166000000,1724169600000,2024-08-20T15:00:00+00:00,2024-08-20T16:00:00+00:00,59409.0,58503.2,59750.5,58503.2,0.001,1,target,0.9058000000000029,0.8409482900000029,0.06485171,0.02980000000000291,0.0,-0.06290000000000145,0.9079000000000015
401,BTCUSDT,long,1724436000000,1724565600000,2024-08-23T18:00:00+00:00,2024-08-25T06:00:00+00:00,62997.5,64110.399999999994,61330.2,67874.6,0.001,36,max_hold,1.1129000000000016,1.0429906550000014,0.06990934500000001,0.0315,0.0,-0.34830000000000294,2.0025
402,BTCUSDT,short,1724796000000,1724796000000,2024-08-27T22:00:00+00:00,2024-08-27T22:00:00+00:00,60349.4,58044.1,61158.1,58044.1,0.001,0,target_entry_bar,2.305300000000003,2.240183575000003,0.065116425,0.03019999999999709,0.0,-0.03119999999999709,2.4212000000000042
403,BTCUSDT,short,1724958000000,1725087600000,2024-08-29T19:00:00+00:00,2024-08-31T07:00:00+00:00,59100.4,59128.0,60385.5,55363.6,0.001,36,max_hold,-0.027599999999998546,-0.09262561999999855,0.06502562,0.029599999999998544,0.0,-0.8145,1.5754000000000015
404,BTCUSDT,long,1726243200000,1726372800000,2024-09-13T16:00:00+00:00,2024-09-15T04:00:00+00:00,59653.5,60130.2,58495.0,63008.9,0.001,36,max_hold,0.4766999999999971,0.41081896499999715,0.065881035,0.029900000000001457,0.0,-0.37459999999999855,0.9435
405,BTCUSDT,long,1726585200000,1726714800000,2024-09-17T15:00:00+00:00,2024-09-19T03:00:00+00:00,60277.7,62172.9,59098.4,63694.8,0.001,36,max_hold,1.8952000000000044,1.8278521700000043,0.06734783,0.03019999999999709,0.0,-1.139699999999997,2.277300000000003
406,BTCUSDT,long,1727046000000,1727049600000,2024-09-22T23:00:00+00:00,2024-09-23T00:00:00+00:00,63888.6,62769.3,62769.3,67118.5,0.001,1,stop,-1.1192999999999957,-1.1889618449999957,0.069661845,0.032,0.0,-1.3541999999999972,0.06670000000000437
407,BTCUSDT,short,1727661600000,1727791200000,2024-09-30T02:00:00+00:00,2024-10-01T14:00:00+00:00,64705.5,62838.9,65557.9,62277.4,0.001,36,max_hold,1.8665999999999985,1.7964505799999986,0.07014942,0.032400000000001455,0.0,-0.08480000000000291,2.3055
408,BTCUSDT,long,1728226800000,1728309600000,2024-10-06T15:00:00+00:00,2024-10-07T14:00:00+00:00,62711.1,64140.799999999996,62192.7,64140.8,0.001,23,target,1.4297000000000044,1.3599314550000043,0.069768545,0.031400000000001455,0.0,-0.44609999999999855,1.7370999999999985
409,BTCUSDT,long,1728878400000,1729008000000,2024-10-14T04:00:00+00:00,2024-10-15T16:00:00+00:00,64313.0,65994.7,62998.8,68130.0,0.001,36,max_hold,1.681699999999997,1.6100307649999972,0.071669235,0.03219999999999709,0.0,-0.5601999999999971,3.640699999999997
410,BTCUSDT,short,1730476800000,1730606400000,2024-11-01T16:00:00+00:00,2024-11-03T04:00:00+00:00,69346.4,68367.6,70716.9,65373.4,0.001,36,max_hold,0.9787999999999883,0.9030572999999883,0.07574270000000001,0.034700000000011645,0.0,-1.1969000000000087,1.5003999999999942
411,BTCUSDT,long,1730818800000,1730833200000,2024-11-05T15:00:00+00:00,2024-11-05T19:00:00+00:00,69982.4,69017.9,69017.9,72736.2,0.001,4,stop,-0.9645,-1.040950165,0.076450165,0.035,0.0,-1.3323999999999943,0.555
412,BTCUSDT,long,1730995200000,1731124800000,2024-11-07T16:00:00+00:00,2024-11-09T04:00:00+00:00,76119.6,76330.1,75054.1,79164.0,0.001,36,max_hold,0.2105,0.126652665,0.08384733500000001,0.038100000000005824,0.0,-0.6485,1.0632999999999884
413,BTCUSDT,long,1731214800000,1731337200000,2024-11-10T05:00:00+00:00,2024-11-11T15:00:00+00:00,79313.4,82775.7,78106.4,82775.7,0.001,34,target,3.462300000000003,3.373150995000003,0.089149005,0.03969999999999709,0.0,-0.7641999999999971,5.046300000000003
414,BTCUSDT,short,1732546800000,1732676400000,2024-11-25T15:00:00+00:00,2024-11-27T03:00:00+00:00,95396.5,93002.1,97457.5,89405.0,0.001,36,max_hold,2.3943999999999943,2.2907807699999942,0.10361923,0.04780000000000291,0.0,-1.166199999999997,4.530100000000006
415,BTCUSDT,long,1733367600000,1733425200000,2024-12-05T03:00:00+00:00,2024-12-05T19:00:00+00:00,101591.5,98717.5,98717.5,110009.9,0.001,16,stop,-2.874,-2.98416995,0.11016995000000002,0.05080000000000291,0.0,-2.886899999999994,3.038899999999994
416,BTCUSDT,long,1733508000000,1733637600000,2024-12-06T18:00:00+00:00,2024-12-08T06:00:00+00:00,100965.6,99595.9,98730.3,107470.0,0.001,36,max_hold,-1.3697000000000117,-1.4800088250000116,0.11030882500000001,0.0505,0.0,-2.0887000000000118,1.023199999999997
417,BTCUSDT,short,1733760000000,1733889600000,2024-12-09T16:00:00+00:00,2024-12-11T04:00:00+00:00,97807.1,97406.9,100466.9,90023.4,0.001,36,max_hold,0.40020000000001166,0.29283230000001165,0.10736770000000001,0.049,0.0,-0.6413999999999942,3.7674000000000087
418,BTCUSDT,short,1734879600000,1735009200000,2024-12-22T15:00:00+00:00,2024-12-24T03:00:00+00:00,95282.2,93931.5,97383.7,89169.0,0.001,36,max_hold,1.3506999999999971,1.2466324649999971,0.10406753500000002,0.04769999999999709,0.0,-1.216800000000003,2.817800000000003
419,BTCUSDT,long,1735048800000,1735178400000,2024-12-24T14:00:00+00:00,2024-12-26T02:00:00+00:00,96117.2,99003.8,94168.7,101770.3,0.001,36,max_hold,2.886600000000006,2.7792834500000057,0.10731655000000001,0.04809999999999127,0.0,-0.28769999999999707,3.832800000000003
420,BTCUSDT,short,1735203600000,1735333200000,2024-12-26T09:00:00+00:00,2024-12-27T21:00:00+00:00,95797.6,94548.1,98000.4,89381.3,0.001,36,max_hold,1.2495,1.144809865,0.10469013500000002,0.048,0.0,-1.7668999999999941,2.357600000000006
421,BTCUSDT,short,1735596000000,1735632000000,2024-12-30T22:00:00+00:00,2024-12-31T08:00:00+00:00,91989.0,94366.6,94366.6,85041.0,0.001,10,stop,-2.377600000000006,-2.4800955800000057,0.10249558,0.046100000000005824,0.0,-2.7493999999999943,0.089
422,BTCUSDT,short,1736265600000,1736334000000,2025-01-07T16:00:00+00:00,2025-01-08T11:00:00+00:00,97866.4,94771.6,98963.2,94771.6,0.001,19,target,3.0947999999999882,2.9888490999999884,0.10595090000000001,0.049,0.0,-0.4415,3.3856999999999973
423,BTCUSDT,long,1736949600000,1737079200000,2025-01-15T14:00:00+00:00,2025-01-17T02:00:00+00:00,98965.6,101636.3,96946.7,104824.2,0.001,36,max_hold,2.670699999999997,2.560368954999997,0.11033104500000002,0.0495,0.0,-1.672,3.1680999999999915
424,BTCUSDT,short,1737324000000,1737352800000,2025-01-19T22:00:00+00:00,2025-01-20T06:00:00+00:00,103635.5,106544.3,106544.3,95116.8,0.001,8,stop,-2.908800000000003,-3.024398890000003,0.11559889000000001,0.05189999999999418,0.0,-6.3645000000000005,4.1345
425,BTCUSDT,long,1737356400000,1737388800000,2025-01-20T07:00:00+00:00,2025-01-20T16:00:00+00:00,107605.1,103751.2,103751.2,118962.4,0.001,9,stop,-3.8539000000000088,-3.970145965000009,0.116245965,0.053800000000002915,0.0,-3.903100000000006,1.8948999999999943
426,BTCUSDT,long,1737644400000,1737644400000,2025-01-23T15:00:00+00:00,2025-01-23T15:00:00+00:00,105220.3,102807.9,102807.9,112247.0,0.001,0,stop_entry_bar,-2.4124000000000088,-2.526815510000009,0.11441551,0.05260000000000582,0.0,-2.620300000000003,0.537
427,BTCUSDT,short,1737936000000,1737957600000,2025-01-27T00:00:00+00:00,2025-01-27T06:00:00+00:00,102508.7,99537.2,103567.7,99537.2,0.001,6,target,2.9715000000000003,2.860374755,0.11112524500000001,0.05130000000000291,0.0,-0.7078000000000029,3.848300000000003
428,BTCUSDT,short,1738350000000,1738479600000,2025-01-31T19:00:00+00:00,2025-02-02T07:00:00+00:00,102548.7,100227.7,104788.1,96036.0,0.001,36,max_hold,2.321,2.20947298,0.11152702,0.05130000000000291,0.0,-0.4303000000000029,3.559699999999997
429,BTCUSDT,short,1739138400000,1739138400000,2025-02-09T22:00:00+00:00,2025-02-09T22:00:00+00:00,95073.4,96274.4,96274.4,91660.3,0.001,0,stop_entry_bar,-1.201,-1.30624129,0.10524129,0.047600000000005825,0.0,-1.3441000000000058,0.355
430,BTCUSDT,short,1739808000000,1739937600000,2025-02-17T16:00:00+00:00,2025-02-19T04:00:00+00:00,95557.6,95672.2,96852.9,91863.2,0.001,36,max_hold,-0.11459999999999126,-0.21977638999999127,0.10517639000000001,0.04789999999999418,0.0,-1.179699999999997,2.236
431,BTCUSDT,short,1740708000000,1740758400000,2025-02-28T02:00:00+00:00,2025-02-28T16:00:00+00:00,81565.1,84477.5,84477.5,72994.7,0.001,14,stop,-2.912399999999994,-3.003723429999994,0.09132343000000001,0.04089999999999418,0.0,-3.3228999999999944,3.364900000000009
432,BTCUSDT,long,1740931200000,1740931200000,2025-03-02T16:00:00+00:00,2025-03-02T16:00:00+00:00,87433.8,89971.9,86529.5,89971.9,0.001,0,target_entry_bar,2.538099999999991,2.440526864999991,0.097573135,0.04369999999999709,0.0,-0.19780000000000292,4.510099999999992
433,BTCUSDT,short,1741014000000,1741143600000,2025-03-03T15:00:00+00:00,2025-03-05T03:00:00+00:00,89195.2,87419.9,92706.0,78836.3,0.001,36,max_hold,1.775300000000003,1.678161695000003,0.09713830500000001,0.04469999999999709,0.0,-2.0831000000000057,7.995199999999997
434,BTCUSDT,short,1741309200000,1741338000000,2025-03-07T01:00:00+00:00,2025-03-07T09:00:00+00:00,85435.0,89432.5,89432.5,73614.2,0.001,8,stop,-3.9975,-4.093677125,0.096177125,0.04280000000000291,0.0,-4.231,0.2926000000000058
435,BTCUSDT,short,1741528800000,1741615200000,2025-03-09T14:00:00+00:00,2025-03-10T14:00:00+00:00,83386.0,79190.1,84837.8,79190.1,0.001,24,target,4.195899999999995,4.106483144999995,0.089416855,0.04180000000000291,0.0,-0.6455,4.243199999999997
436,BTCUSDT,short,1742126400000,1742137200000,2025-03-16T12:00:00+00:00,2025-03-16T15:00:00+00:00,82326.7,83433.9,83433.9,79169.9,0.001,3,stop,-1.107199999999997,-1.198368329999997,0.09116833,0.04119999999999709,0.0,-1.1273000000000029,0.0
437,BTCUSDT,long,1742410800000,1742486400000,2025-03-19T19:00:00+00:00,2025-03-20T16:00:00+00:00,85618.9,83943.7,83943.7,90473.0,0.001,21,stop,-1.6751999999999971,-1.7684594299999972,0.09325943,0.04279999999998836,0.0,-2.0052999999999885,1.8811000000000058
438,BTCUSDT,short,1743764400000,1743768000000,2025-04-04T11:00:00+00:00,2025-04-04T12:00:00+00:00,82493.2,83177.7,83177.7,80604.4,0.001,1,stop,-0.6845,-0.775618995,0.09111899500000001,0.04130000000000291,0.0,-1.006800000000003,0.8685999999999913
439,BTCUSDT,short,1743962400000,1743980400000,2025-04-06T18:00:00+00:00,2025-04-06T23:00:00+00:00,80725.5,77441.4,81874.1,77441.4,0.001,5,target,3.284100000000006,3.197108205000006,0.08699179500000001,0.04039999999999418,0.0,-0.04039999999999418,3.6145
440,BTCUSDT,long,1744221600000,1744300800000,2025-04-09T18:00:00+00:00,2025-04-10T16:00:00+00:00,82203.0,78421.8,78421.8,93382.3,0.001,22,stop,-3.781199999999997,-3.869543639999997,0.08834364,0.04110000000000582,0.0,-3.787,1.351899999999994
441,BTCUSDT,short,1744826400000,1744912800000,2025-04-16T18:00:00+00:00,2025-04-17T18:00:00+00:00,83195.8,85229.2,85229.2,77262.3,0.001,24,stop,-2.033399999999994,-2.126033749999994,0.09263375000000001,0.041699999999997094,0.0,-2.245699999999997,0.0
442,BTCUSDT,long,1745197200000,1745326800000,2025-04-21T01:00:00+00:00,2025-04-22T13:00:00+00:00,86643.2,88947.5,85631.8,89504.6,0.001,36,max_hold,2.304300000000003,2.2077251150000032,0.096574885,0.04330000000000291,0.0,-0.3161999999999971,3.814800000000003
443,BTCUSDT,long,1745359200000,1745488800000,2025-04-22T22:00:00+00:00,2025-04-24T10:00:00+00:00,93020.7,92427.3,91581.3,97153.5,0.001,36,max_hold,-0.5933999999999942,-0.6953963999999941,0.10199640000000001,0.0465,0.0,-1.401699999999997,1.883600000000006
444,BTCUSDT,short,1745848800000,1745848800000,2025-04-28T14:00:00+00:00,2025-04-28T14:00:00+00:00,93868.4,94467.8,94467.8,92258.2,0.001,0,stop_entry_bar,-0.5994000000000087,-0.7029849100000087,0.10358491,0.047,0.0,-0.9816000000000058,0.0841999999999971
445,BTCUSDT,short,1746021600000,1746036000000,2025-04-30T14:00:00+00:00,2025-04-30T18:00:00+00:00,92931.7,94365.1,94365.1,88817.2,0.001,4,stop,-1.4334000000000087,-1.5364132400000088,0.10301324,0.0465,0.0,-1.556300000000003,0.08359999999999126
446,BTCUSDT,short,1746399600000,1746529200000,2025-05-04T23:00:00+00:00,2025-05-06T11:00:00+00:00,94913.5,93896.1,95545.7,93206.5,0.001,36,max_hold,1.0173999999999943,0.9135547199999943,0.10384528000000001,0.0475,0.0,-0.2516000000000058,1.4683999999999942
447,BTCUSDT,long,1746572400000,1746702000000,2025-05-06T23:00:00+00:00,2025-05-08T11:00:00+00:00,96254.5,99729.9,94471.4,101410.5,0.001,36,max_hold,3.4753999999999943,3.3676085799999944,0.10779142000000001,0.04819999999999709,0.0,-0.536,3.608800000000003
448,BTCUSDT,long,1746720000000,1746738000000,2025-05-08T16:00:00+00:00,2025-05-08T21:00:00+00:00,100781.3,103950.3,99657.6,103950.3,0.001,5,target,3.169,3.0563976200000003,0.11260238,0.05040000000000873,0.0,-0.23130000000000292,3.524
449,BTCUSDT,long,1746921600000,1746928800000,2025-05-11T00:00:00+00:00,2025-05-11T02:00:00+00:00,104841.2,103680.4,103680.4,108114.0,0.001,2,stop,-1.160800000000003,-1.275486880000003,0.11468688,0.05239999999999418,0.0,-1.4348999999999943,0.10880000000000291
450,BTCUSDT,long,1747576800000,1747594800000,2025-05-18T14:00:00+00:00,2025-05-18T19:00:00+00:00,104760.5,103847.8,103847.8,107289.4,0.001,5,stop,-0.9126999999999971,-1.027434564999997,0.11473456500000001,0.05239999999999418,0.0,-0.9605,1.2391999999999972
451,BTCUSDT,long,1747609200000,1747623600000,2025-05-18T23:00:00+00:00,2025-05-19T03:00:00+00:00,105952.3,103668.5,103668.5,112591.2,0.001,4,stop,-2.283800000000003,-2.399091440000003,0.11529144000000002,0.053,0.0,-2.449900000000009,1.162
452,BTCUSDT,long,1747771200000,1747900800000,2025-05-20T20:00:00+00:00,2025-05-22T08:00:00+00:00,107025.8,111005.8,104920.8,113126.4,0.001,36,max_hold,3.98,3.86008262,0.11991738000000002,0.0535,0.0,-1.1500000000000001,4.840599999999991
453,BTCUSDT,short,1748001600000,1748131200000,2025-05-23T12:00:00+00:00,2025-05-25T00:00:00+00:00,108978.6,107699.0,110586.7,104372.7,0.001,36,max_hold,1.2796000000000058,1.160427320000006,0.11917268,0.05459999999999127,0.0,-0.991,2.2567000000000115
454,BTCUSDT,long,1748214000000,1748343600000,2025-05-25T23:00:00+00:00,2025-05-27T11:00:00+00:00,109177.2,109647.9,107329.9,114500.9,0.001,36,max_hold,0.4706999999999971,0.3503461949999971,0.12035380500000001,0.05459999999999127,0.0,-1.7391999999999972,1.222800000000003
455,BTCUSDT,short,1748624400000,1748754000000,2025-05-30T17:00:00+00:00,2025-06-01T05:00:00+00:00,103815.5,104587.8,105742.6,98241.7,0.001,36,max_hold,-0.7723000000000029,-0.8869218150000029,0.11462181500000002,0.052000000000000005,0.0,-1.1420000000000001,0.7833999999999942
456,BTCUSDT,long,1748962800000,1748984400000,2025-06-03T15:00:00+00:00,2025-06-03T21:00:00+00:00,106548.3,105280.3,105280.3,110139.4,0.001,6,stop,-1.268,-1.38450573,0.11650573000000002,0.053300000000002914,0.0,-1.3479000000000088,0.2266999999999971
457,BTCUSDT,short,1749132000000,1749153600000,2025-06-05T14:00:00+00:00,2025-06-05T20:00:00+00:00,104423.0,100801.1,105700.0,100801.1,0.001,6,target,3.6218999999999943,3.5090267449999946,0.112873255,0.052300000000002914,0.0,-0.495,4.117899999999994
458,BTCUSDT,short,1749776400000,1749830400000,2025-06-13T01:00:00+00:00,2025-06-13T16:00:00+00:00,103681.8,105857.4,105857.4,97362.5,0.001,15,stop,-2.1755999999999913,-2.2908465599999914,0.11524656000000001,0.05189999999999418,0.0,-2.2301999999999973,1.067800000000003
459,BTCUSDT,long,1750406400000,1750428000000,2025-06-20T08:00:00+00:00,2025-06-20T14:00:00+00:00,105816.5,104587.2,104587.2,109292.4,0.001,6,stop,-1.229300000000003,-1.345022035000003,0.115722035,0.05289999999999418,0.0,-2.010600000000006,0.6696999999999971
460,BTCUSDT,short,1750431600000,1750561200000,2025-06-20T15:00:00+00:00,2025-06-22T03:00:00+00:00,103820.6,102310.0,105459.7,99111.6,0.001,36,max_hold,1.510600000000006,1.397228170000006,0.11337183000000002,0.052000000000000005,0.0,-0.7527999999999884,3.0307000000000115
461,BTCUSDT,short,1750600800000,1750683600000,2025-06-22T14:00:00+00:00,2025-06-23T13:00:00+00:00,100759.4,102413.0,102413.0,96001.0,0.001,23,stop,-1.653600000000006,-1.765344820000006,0.11174482,0.0505,0.0,-1.6906000000000059,2.644
462,BTCUSDT,long,1750701600000,1750831200000,2025-06-23T18:00:00+00:00,2025-06-25T06:00:00+00:00,102486.8,106159.7,100114.8,109398.1,0.001,36,max_hold,3.672899999999994,3.558144424999994,0.11475557500000001,0.05130000000000291,0.0,-0.15540000000000873,4.264099999999991
463,BTCUSDT,long,1751810400000,1751824800000,2025-07-06T14:00:00+00:00,2025-07-06T18:00:00+00:00,108767.6,108391.1,108391.1,109679.6,0.001,4,stop,-0.3765,-0.495937285,0.119437285,0.05440000000000873,0.0,-0.558,0.2298999999999942
464,BTCUSDT,long,1752091200000,1752181200000,2025-07-09T20:00:00+00:00,2025-07-10T21:00:00+00:00,111774.7,115787.7,110362.5,115787.7,0.001,25,target,4.013,3.88784068,0.12515932000000002,0.055899999999994184,0.0,-1.3425,5.725300000000003
465,BTCUSDT,long,1752184800000,1752314400000,2025-07-10T22:00:00+00:00,2025-07-12T10:00:00+00:00,116517.8,118119.8,115033.2,120738.1,0.001,36,max_hold,1.602,1.4729493200000001,0.12905068000000003,0.05830000000000291,0.0,-1.331100000000006,2.365
466,BTCUSDT,short,1754406000000,1754488800000,2025-08-05T15:00:00+00:00,2025-08-06T14:00:00+00:00,112919.1,114424.3,114424.3,108629.5,0.001,23,stop,-1.5051999999999972,-1.6302388699999972,0.12503887000000002,0.0565,0.0,-2.260099999999991,0.294
467,BTCUSDT,long,1754564400000,1754694000000,2025-08-07T11:00:00+00:00,2025-08-08T23:00:00+00:00,116349.7,116833.6,115188.3,119600.7,0.001,36,max_hold,0.48390000000000877,0.35564918500000875,0.12825081500000002,0.05819999999999709,0.0,-0.7945,1.2421000000000058
468,BTCUSDT,long,1754794800000,1754794800000,2025-08-10T03:00:00+00:00,2025-08-10T03:00:00+00:00,117332.3,118318.9,116925.3,118318.9,0.001,0,target_entry_bar,0.9865999999999913,0.8569918399999912,0.12960816000000003,0.05869999999999709,0.0,-0.131,1.167699999999997
469,BTCUSDT,long,1754881200000,1754913600000,2025-08-11T03:00:00+00:00,2025-08-11T12:00:00+00:00,121898.5,120083.4,120083.4,127099.7,0.001,9,stop,-1.815100000000006,-1.9481900450000058,0.133090045,0.061,0.0,-2.3985,0.5515
470,BTCUSDT,long,1755093600000,1755097200000,2025-08-13T14:00:00+00:00,2025-08-13T15:00:00+00:00,121838.2,120280.4,120280.4,126268.1,0.001,1,stop,-1.557800000000003,-1.6909652300000029,0.13316523000000002,0.06089999999999418,0.0,-1.5753999999999941,0.3801000000000058
471,BTCUSDT,short,1755176400000,1755306000000,2025-08-14T13:00:00+00:00,2025-08-16T01:00:00+00:00,118762.7,117696.1,120130.8,114896.3,0.001,36,max_hold,1.0665999999999913,0.9365476599999913,0.13005234,0.059500000000000004,0.0,-0.5511999999999971,2.0263999999999944
472,BTCUSDT,short,1755482400000,1755612000000,2025-08-18T02:00:00+00:00,2025-08-19T14:00:00+00:00,116155.8,115151.3,117449.3,112508.1,0.001,36,max_hold,1.0045,0.877281095,0.12721890500000002,0.05819999999999709,0.0,-0.7828999999999942,2.4505
473,BTCUSDT,long,1755874800000,1756004400000,2025-08-22T15:00:00+00:00,2025-08-24T03:00:00+00:00,115802.4,114970.0,113724.7,121803.9,0.001,36,max_hold,-0.8323999999999941,-0.9593248199999942,0.12692482,0.05789999999999418,0.0,-1.2923999999999942,1.595
474,BTCUSDT,short,1756454400000,1756468800000,2025-08-29T08:00:00+00:00,2025-08-29T12:00:00+00:00,109914.0,111464.7,111464.7,105481.9,0.001,4,stop,-1.550699999999997,-1.6724582849999972,0.12175828500000001,0.055,0.0,-1.5755000000000001,0.554
475,BTCUSDT,short,1756476000000,1756605600000,2025-08-29T14:00:00+00:00,2025-08-31T02:00:00+00:00,109001.9,109380.0,111025.0,103150.5,0.001,36,max_hold,-0.3781000000000058,-0.4982100450000058,0.120110045,0.054600000000005824,0.0,-0.4886000000000058,1.7208999999999943
476,BTCUSDT,long,1756713600000,1756760400000,2025-09-01T08:00:00+00:00,2025-09-01T21:00:00+00:00,109444.9,107665.1,107665.1,114565.9,0.001,13,stop,-1.7797999999999885,-1.8992104999999886,0.1194105,0.05469999999999709,0.0,-2.0448999999999944,0.4299000000000087
477,BTCUSDT,long,1756821600000,1756951200000,2025-09-02T14:00:00+00:00,2025-09-04T02:00:00+00:00,111169.0,111899.9,108989.9,117483.8,0.001,36,max_hold,0.7308999999999942,0.6082121049999942,0.122687895,0.055600000000005825,0.0,-1.0505,1.3721999999999972
478,BTCUSDT,short,1757084400000,1757098800000,2025-09-05T15:00:00+00:00,2025-09-05T19:00:00+00:00,110472.0,111470.6,111470.6,107697.8,0.001,4,stop,-0.9986000000000058,-1.1206684300000058,0.12206843000000002,0.05530000000000291,0.0,-1.1261999999999972,0.3186999999999971
479,BTCUSDT,long,1757509200000,1757638800000,2025-09-10T13:00:00+00:00,2025-09-12T01:00:00+00:00,113444.7,115795.1,112094.7,117267.9,0.001,36,max_hold,2.350400000000009,2.224318110000009,0.12608189000000003,0.05669999999999709,0.0,-0.3336999999999971,2.835300000000003
480,BTCUSDT,short,1758502800000,1758520800000,2025-09-22T01:00:00+00:00,2025-09-22T06:00:00+00:00,114278.6,112257.5,115028.7,112257.5,0.001,5,target,2.021100000000006,1.8965051450000059,0.12459485500000002,0.05719999999999709,0.0,-0.42139999999999417,2.809400000000009
481,BTCUSDT,short,1758823200000,1758952800000,2025-09-25T18:00:00+00:00,2025-09-27T06:00:00+00:00,108739.5,109587.0,110826.4,102696.3,0.001,36,max_hold,-0.8475,-0.967579575,0.12007957500000001,0.05439999999999418,0.0,-1.5105,0.17350000000000002
482,BTCUSDT,long,1759100400000,1759230000000,2025-09-28T23:00:00+00:00,2025-09-30T11:00:00+00:00,111937.4,112876.5,110861.3,114942.2,0.001,36,max_hold,0.9391000000000058,0.8154523550000058,0.123647645,0.056,0.0,-0.4363999999999942,2.862600000000006
483,BTCUSDT,long,1759309200000,1759417200000,2025-10-01T09:00:00+00:00,2025-10-02T15:00:00+00:00,116118.5,119837.0,114801.7,119837.0,0.001,30,target,3.7185,3.5887244750000002,0.129775525,0.05810000000000582,0.0,-0.22780000000000292,3.7705
484,BTCUSDT,long,1759507200000,1759636800000,2025-10-03T16:00:00+00:00,2025-10-05T04:00:00+00:00,122299.7,123735.7,120718.0,126799.9,0.001,36,max_hold,1.436,1.30068053,0.13531947,0.06119999999999709,0.0,-0.8741999999999971,3.577600000000006
485,BTCUSDT,long,1759640400000,1759654800000,2025-10-05T05:00:00+00:00,2025-10-05T09:00:00+00:00,125230.0,124015.4,124015.4,128623.8,0.001,4,stop,-1.214600000000006,-1.351684970000006,0.13708497000000003,0.06260000000000582,0.0,-2.509600000000006,0.19010000000000582
486,BTCUSDT,short,1760130000000,1760130000000,2025-10-10T21:00:00+00:00,2025-10-10T21:00:00+00:00,114143.2,108030.1,116254.0,108030.1,0.001,0,target_entry_bar,6.113099999999991,5.990904684999991,0.122195315,0.05719999999999709,0.0,-0.9324000000000088,12.626699999999998
487,BTCUSDT,long,1761058800000,1761084000000,2025-10-21T15:00:00+00:00,2025-10-21T22:00:00+00:00,112183.7,109215.5,109215.5,120863.6,0.001,7,stop,-2.9681999999999973,-3.0899695599999975,0.12176956,0.05609999999999127,0.0,-4.178699999999997,1.7563000000000029
488,BTCUSDT,long,1761472800000,1761516000000,2025-10-26T10:00:00+00:00,2025-10-26T22:00:00+00:00,112534.3,114299.6,111870.7,114299.6,0.001,12,target,1.765300000000003,1.640541355000003,0.12475864500000002,0.05630000000000291,0.0,-0.40430000000000293,2.9873999999999943
489,BTCUSDT,short,1762185600000,1762315200000,2025-11-03T16:00:00+00:00,2025-11-05T04:00:00+00:00,105665.9,102094.8,108310.7,97943.0,0.001,36,max_hold,3.5710999999999915,3.4568316149999916,0.114268385,0.05290000000000873,0.0,-2.131300000000003,6.777099999999991
490,BTCUSDT,short,1762963200000,1763092800000,2025-11-12T16:00:00+00:00,2025-11-14T04:00:00+00:00,102073.8,99103.3,104128.5,96114.1,0.001,36,max_hold,2.9705,2.859852595,0.110647405,0.05109999999999127,0.0,-1.950800000000003,5.473800000000003
491,BTCUSDT,short,1763658000000,1763708400000,2025-11-20T17:00:00+00:00,2025-11-21T07:00:00+00:00,87811.5,81256.7,90055.1,81256.7,0.001,14,target,6.554800000000003,6.4618124900000025,0.09298751,0.044,0.0,-0.40260000000000584,6.7005
492,BTCUSDT,long,1764180000000,1764309600000,2025-11-26T18:00:00+00:00,2025-11-28T06:00:00+00:00,89837.3,91576.7,87777.9,95836.2,0.001,36,max_hold,1.7393999999999943,1.6396222999999943,0.0997777,0.04490000000000873,0.0,-0.3786000000000058,2.0945999999999914
493,BTCUSDT,short,1764550800000,1764680400000,2025-12-01T01:00:00+00:00,2025-12-02T13:00:00+00:00,86927.1,87225.6,88972.7,80964.8,0.001,36,max_hold,-0.2985,-0.394283985,0.09578398500000002,0.043500000000000004,0.0,-0.9430999999999913,3.141100000000006
494,BTCUSDT,long,1764687600000,1764817200000,2025-12-02T15:00:00+00:00,2025-12-04T03:00:00+00:00,89269.8,93896.1,87194.4,95317.1,0.001,36,max_hold,4.626300000000003,4.525558755000003,0.10074124500000001,0.04469999999999709,0.0,-0.044800000000002914,4.915199999999997
495,BTCUSDT,short,1764954000000,1765083600000,2025-12-05T17:00:00+00:00,2025-12-07T05:00:00+00:00,88713.2,89495.2,90279.3,84192.1,0.001,36,max_hold,-0.782,-0.8800146200000001,0.09801462,0.04440000000000873,0.0,-1.5441000000000058,0.15439999999999418
496,BTCUSDT,long,1765296000000,1765414800000,2025-12-09T16:00:00+00:00,2025-12-11T01:00:00+00:00,92723.3,90874.6,90874.6,98083.9,0.001,33,stop,-1.8486999999999971,-1.949678844999997,0.10097884500000001,0.04640000000000873,0.0,-2.123300000000003,1.8316999999999972
497,BTCUSDT,short,1765555200000,1765684800000,2025-12-12T16:00:00+00:00,2025-12-14T04:00:00+00:00,89850.0,90222.4,91456.2,85211.5,0.001,36,max_hold,-0.3723999999999942,-0.4714398199999942,0.09903982,0.045,0.0,-0.767699999999997,0.421
498,BTCUSDT,short,1765810800000,1765940400000,2025-12-15T15:00:00+00:00,2025-12-17T03:00:00+00:00,87960.2,87452.7,89120.3,84656.3,0.001,36,max_hold,0.5075000000000001,0.41102290500000005,0.096477095,0.04410000000000582,0.0,-0.2191999999999971,2.8871999999999973
499,BTCUSDT,long,1765983600000,1765983600000,2025-12-17T15:00:00+00:00,2025-12-17T15:00:00+00:00,89678.9,87531.3,87531.3,95941.7,0.001,0,stop_entry_bar,-2.1475999999999913,-2.2450656099999913,0.09746561000000001,0.04489999999999418,0.0,-2.59,0.6843000000000029
500,BTCUSDT,short,1765987200000,1766062800000,2025-12-17T16:00:00+00:00,2025-12-18T13:00:00+00:00,87147.4,88889.7,88889.7,82096.5,0.001,21,stop,-1.7423000000000028,-1.8391204050000027,0.096820405,0.04360000000000582,0.0,-2.0265,1.8860999999999912
501,BTCUSDT,long,1766066400000,1766077200000,2025-12-18T14:00:00+00:00,2025-12-18T17:00:00+00:00,88848.5,87652.5,87652.5,92258.4,0.001,3,stop,-1.196,-1.29307555,0.09707555000000001,0.0445,0.0,-3.4210000000000003,0.5993999999999942
502,BTCUSDT,short,1766325600000,1766358000000,2025-12-21T14:00:00+00:00,2025-12-21T23:00:00+00:00,87586.5,88603.1,88603.1,84712.7,0.001,9,stop,-1.016600000000006,-1.113504280000006,0.09690428000000001,0.04389999999999418,0.0,-1.2003999999999941,0.010800000000002911
503,BTCUSDT,long,1766678400000,1766692800000,2025-12-25T16:00:00+00:00,2025-12-25T20:00:00+00:00,88383.2,87768.0,87768.0,90051.6,0.001,4,stop,-0.6151999999999971,-0.712083159999997,0.09688316,0.04419999999999709,0.0,-0.7836999999999971,0.06840000000000873
504,BTCUSDT,long,1766718000000,1766757600000,2025-12-26T03:00:00+00:00,2025-12-26T14:00:00+00:00,89196.4,87795.5,87795.5,93220.6,0.001,11,stop,-1.4008999999999943,-1.4982455449999943,0.097345545,0.04459999999999127,0.0,-1.8938999999999941,0.3612000000000116
505,BTCUSDT,short,1766761200000,1766890800000,2025-12-26T15:00:00+00:00,2025-12-28T03:00:00+00:00,87300.7,87768.6,88750.2,83126.9,0.001,36,max_hold,-0.46790000000000875,-0.5641881150000088,0.09628811500000001,0.04369999999999709,0.0,-0.6561999999999971,0.680800000000003
506,BTCUSDT,long,1766980800000,1766998800000,2025-12-29T04:00:00+00:00,2025-12-29T09:00:00+00:00,90136.6,88887.7,88887.7,93703.4,0.001,5,stop,-1.2489000000000088,-1.3473633650000088,0.098463365,0.04510000000000582,0.0,-2.4210000000000003,0.23679999999998835
507,BTCUSDT,short,1767002400000,1767110400000,2025-12-29T10:00:00+00:00,2025-12-30T16:00:00+00:00,88024.1,89228.0,89228.0,84588.8,0.001,30,stop,-1.2038999999999942,-1.3013886549999942,0.09748865500000001,0.04409999999999127,0.0,-1.3308999999999942,1.2641000000000058
508,BTCUSDT,long,1767488400000,1767574800000,2026-01-04T01:00:00+00:00,2026-01-05T01:00:00+00:00,91347.1,93051.0,90718.2,93051.0,0.001,24,target,1.7038999999999942,1.6024810449999942,0.101418955,0.04570000000001164,0.0,-0.557,2.0353999999999943
509,BTCUSDT,long,1768345200000,1768370400000,2026-01-13T23:00:00+00:00,2026-01-14T06:00:00+00:00,95778.3,94450.9,94450.9,99569.3,0.001,7,stop,-1.3274000000000088,-1.4320260600000088,0.10462605999999999,0.047900000000008734,0.0,-1.3649000000000087,0.3115999999999913
510,BTCUSDT,long,1768402800000,1768503600000,2026-01-14T15:00:00+00:00,2026-01-15T19:00:00+00:00,96497.3,95278.2,95278.2,99961.3,0.001,28,stop,-1.2191000000000058,-1.3245765250000059,0.10547652500000002,0.04830000000000291,0.0,-1.417300000000003,1.434800000000003
511,BTCUSDT,short,1768780800000,1768888800000,2026-01-19T00:00:00+00:00,2026-01-20T06:00:00+00:00,93567.1,90864.3,94530.6,90864.3,0.001,30,target,2.702800000000003,2.601362730000003,0.10143727000000001,0.04689999999999418,0.0,-0.047,2.843800000000003
512,BTCUSDT,short,1769014800000,1769022000000,2026-01-21T17:00:00+00:00,2026-01-21T19:00:00+00:00,87518.5,89882.7,89882.7,80601.2,0.001,2,stop,-2.364199999999997,-2.4617706599999973,0.09757066,0.04380000000000291,0.0,-2.909100000000006,0.313
513,BTCUSDT,short,1769536800000,1769544000000,2026-01-27T18:00:00+00:00,2026-01-27T20:00:00+00:00,87466.5,88695.1,88695.1,83956.4,0.001,2,stop,-1.228600000000006,-1.325488880000006,0.09688888000000001,0.04380000000000291,0.0,-2.002800000000003,0.052800000000002914
514,BTCUSDT,short,1769698800000,1769734800000,2026-01-29T15:00:00+00:00,2026-01-30T01:00:00+00:00,86935.3,83034.6,88293.4,83034.6,0.001,10,target,3.9006999999999974,3.8072165549999974,0.093483445,0.043500000000000004,0.0,-0.07839999999999418,5.935300000000003
515,BTCUSDT,short,1769871600000,1769878800000,2026-01-31T15:00:00+00:00,2026-01-31T17:00:00+00:00,81411.7,78883.2,82308.9,78883.2,0.001,2,target,2.5285,2.4403378050000004,0.088162195,0.04080000000000291,0.0,-0.7883000000000029,3.4015999999999913
516,BTCUSDT,long,1771070400000,1771070400000,2026-02-14T12:00:00+00:00,2026-02-14T12:00:00+00:00,70500.1,69584.6,69584.6,73105.4,0.001,0,stop_entry_bar,-0.9155,-0.9925465849999999,0.077046585,0.03530000000000291,0.0,-0.9745,0.0
517,BTCUSDT,short,1771250400000,1771380000000,2026-02-16T14:00:00+00:00,2026-02-18T02:00:00+00:00,68321.3,67137.2,69740.4,64201.3,0.001,36,max_hold,1.184100000000006,1.109597825000006,0.074502175,0.03419999999999709,0.0,-0.9073000000000029,1.733300000000003
518,BTCUSDT,short,1771808400000,1771894800000,2026-02-23T01:00:00+00:00,2026-02-24T01:00:00+00:00,66672.4,63779.5,67681.2,63779.5,0.001,24,target,2.8928999999999943,2.821151454999994,0.071748545,0.033400000000008735,0.0,-0.033400000000008735,3.2967999999999957
519,BTCUSDT,long,1771984800000,1772114400000,2026-02-25T02:00:00+00:00,2026-02-26T14:00:00+00:00,65893.4,67877.8,64268.2,70637.1,0.001,36,max_hold,1.9844000000000088,1.9108258400000089,0.07357416,0.033,0.0,-1.1729999999999927,4.105600000000006
520,BTCUSDT,short,1772262000000,1772283600000,2026-02-28T07:00:00+00:00,2026-02-28T13:00:00+00:00,63142.2,64599.99999999999,64600.0,58895.1,0.001,6,stop,-1.4578000000000029,-1.5280582100000029,0.07025821,0.031600000000005825,0.0,-2.047800000000003,0.161
521,BTCUSDT,long,1772463600000,1772593200000,2026-03-02T15:00:00+00:00,2026-03-04T03:00:00+00:00,67162.2,68286.0,65064.8,73320.5,0.001,36,max_hold,1.123800000000003,1.0493034900000031,0.07449651,0.03359999999999127,0.0,-1.0821999999999972,2.937800000000003
522,BTCUSDT,short,1774137600000,1774148400000,2026-03-22T00:00:00+00:00,2026-03-22T03:00:00+00:00,68847.0,69505.5,69505.5,67009.4,0.001,3,stop,-0.6585,-0.734593875,0.076093875,0.0345,0.0,-0.7088000000000029,0.658
523,BTCUSDT,short,1774825200000,1774825200000,2026-03-29T23:00:00+00:00,2026-03-29T23:00:00+00:00,65787.2,66161.2,66161.2,64797.5,0.001,0,stop_entry_bar,-0.374,-0.44657162,0.07257162,0.033,0.0,-0.5631999999999971,0.0
524,BTCUSDT,short,1775095200000,1775224800000,2026-04-02T02:00:00+00:00,2026-04-03T14:00:00+00:00,67282.7,66644.6,68701.0,63162.7,0.001,36,max_hold,0.6380999999999912,0.5644399849999913,0.07366001500000002,0.03369999999999709,0.0,-0.11730000000000292,1.6065999999999914
525,BTCUSDT,long,1775430000000,1775559600000,2026-04-05T23:00:00+00:00,2026-04-07T11:00:00+00:00,68347.2,68196.1,67301.9,71346.2,0.001,36,max_hold,-0.15109999999999127,-0.22619881499999128,0.075098815,0.03419999999999709,0.0,-0.3141999999999971,1.985300000000003
526,BTCUSDT,long,1775602800000,1775732400000,2026-04-07T23:00:00+00:00,2026-04-09T11:00:00+00:00,71515.7,71234.7,69526.5,77340.0,0.001,36,max_hold,-0.281,-0.35951272,0.07851272000000001,0.03580000000000291,0.0,-1.087699999999997,1.3428000000000029
527,BTCUSDT,long,1775750400000,1775880000000,2026-04-09T16:00:00+00:00,2026-04-11T04:00:00+00:00,72144.1,72835.1,70908.3,75707.2,0.001,36,max_hold,0.6910000000000001,0.61126144,0.07973856000000001,0.03610000000000582,0.0,-0.762,1.3058999999999943
528,BTCUSDT,short,1775959200000,1776088800000,2026-04-12T02:00:00+00:00,2026-04-13T14:00:00+00:00,71562.9,71623.0,72647.5,68452.4,0.001,36,max_hold,-0.06010000000000582,-0.13885224500000584,0.07875224500000001,0.03580000000000291,0.0,-0.7956000000000059,1.1046999999999971
529,BTCUSDT,long,1776121200000,1776250800000,2026-04-13T23:00:00+00:00,2026-04-15T11:00:00+00:00,74637.3,73825.9,72793.0,80020.6,0.001,36,max_hold,-0.8114000000000088,-0.8930547600000088,0.08165476,0.037300000000002914,0.0,-1.188300000000003,1.371699999999997
530,BTCUSDT,long,1777860000000,1777888800000,2026-05-04T02:00:00+00:00,2026-05-04T10:00:00+00:00,79795.9,78593.9,78593.9,83241.9,0.001,8,stop,-1.202,-1.28911439,0.08711438999999999,0.03989999999999418,0.0,-1.6675999999999913,0.7943000000000029
531,BTCUSDT,long,1778428800000,1778443200000,2026-05-10T16:00:00+00:00,2026-05-10T20:00:00+00:00,81422.2,80842.5,80842.5,82998.1,0.001,4,stop,-0.5796999999999971,-0.6689455849999971,0.08924558500000002,0.04069999999999709,0.0,-1.1970999999999914,0.1656999999999971
532,BTCUSDT,short,1778446800000,1778450400000,2026-05-10T21:00:00+00:00,2026-05-10T22:00:00+00:00,80650.7,81197.4,81197.4,79172.7,0.001,1,stop,-0.5466999999999971,-0.6357164549999971,0.089016455,0.040400000000008734,0.0,-1.488199999999997,0.12180000000000292
533,BTCUSDT,long,1778454000000,1778468400000,2026-05-10T23:00:00+00:00,2026-05-11T03:00:00+00:00,82054.3,80819.8,80819.8,85593.8,0.001,4,stop,-1.2345,-1.324080755,0.089580755,0.04110000000000582,0.0,-1.5841999999999972,0.4061999999999971
534,BTCUSDT,long,1778770800000,1778850000000,2026-05-14T15:00:00+00:00,2026-05-15T13:00:00+00:00,80970.1,79561.1,79561.1,85034.7,0.001,22,stop,-1.409,-1.49729216,0.08829216000000001,0.0405,0.0,-2.331300000000003,1.0288999999999942
535,BTCUSDT,short,1778853600000,1778983200000,2026-05-15T14:00:00+00:00,2026-05-17T02:00:00+00:00,78688.4,77688.0,80189.9,74341.4,0.001,36,max_hold,1.0003999999999942,0.9143929799999941,0.08600702000000002,0.039400000000008734,0.0,-0.8437000000000117,1.0865999999999914
536,BTCUSDT,long,1779570000000,1779699600000,2026-05-23T21:00:00+00:00,2026-05-25T09:00:00+00:00,77285.6,77422.3,75961.9,81101.8,0.001,36,max_hold,0.1366999999999971,0.05161065499999709,0.08508934500000001,0.03870000000001164,0.0,-1.2296000000000058,0.41339999999999416
537,BTCUSDT,long,1781200800000,1781330400000,2026-06-11T18:00:00+00:00,2026-06-13T06:00:00+00:00,63646.1,63554.9,62348.3,67412.0,0.001,36,max_hold,-0.09119999999999709,-0.1611605499999971,0.06996055000000001,0.031900000000001455,0.0,-0.8460999999999985,0.7165
538,BTCUSDT,long,1781474400000,1781604000000,2026-06-14T22:00:00+00:00,2026-06-16T10:00:00+00:00,65317.1,66478.5,64620.0,67277.5,0.001,36,max_hold,1.1614000000000015,1.0889124200000015,0.07248758,0.03269999999999709,0.0,-0.3989000000000015,1.9382999999999957
539,BTCUSDT,short,1781798400000,1781913600000,2026-06-18T16:00:00+00:00,2026-06-20T00:00:00+00:00,62306.6,63718.3,63718.3,58196.2,0.001,32,stop,-1.4117000000000044,-1.4810136950000043,0.06931369500000001,0.031200000000004367,0.0,-1.4505999999999986,0.06940000000000146
540,BTCUSDT,short,1782309600000,1782439200000,2026-06-24T14:00:00+00:00,2026-06-26T02:00:00+00:00,61277.5,59413.1,62498.1,57738.6,0.001,36,max_hold,1.8644000000000014,1.7980201700000014,0.06637983,0.03069999999999709,0.0,-0.6535999999999985,3.2475
541,BTCUSDT,short,1782824400000,1782878400000,2026-06-30T13:00:00+00:00,2026-07-01T04:00:00+00:00,58345.6,59336.1,59336.1,55491.1,0.001,15,stop,-0.9905,-1.055224935,0.06472493500000001,0.029200000000004365,0.0,-1.0989000000000015,0.587
542,BTCUSDT,long,1783353600000,1783476000000,2026-07-06T16:00:00+00:00,2026-07-08T02:00:00+00:00,63554.8,62485.3,62485.3,66636.4,0.001,34,stop,-1.0695000000000001,-1.138822055,0.06932205500000002,0.03180000000000291,0.0,-1.0879000000000014,1.1370999999999987
543,BTCUSDT,short,1783908000000,1784037600000,2026-07-13T02:00:00+00:00,2026-07-14T14:00:00+00:00,63350.4,63802.8,64186.5,60968.9,0.001,36,max_hold,-0.45240000000000147,-0.5223342600000015,0.06993426,0.03169999999999709,0.0,-0.9595999999999986,1.5444000000000015
544,BTCUSDT,long,1784563200000,1784692800000,2026-07-20T16:00:00+00:00,2026-07-22T04:00:00+00:00,65602.9,66176.6,64189.9,69710.7,0.001,36,max_hold,0.5737000000000116,0.5012212750000117,0.072478725,0.03279999999998836,0.0,-0.5914999999999927,1.3212000000000117
545,BTCUSDT,long,1785106800000,1785114000000,2026-07-26T23:00:00+00:00,2026-07-27T01:00:00+00:00,65417.4,64920.100000000006,64920.1,66778.6,0.001,2,stop,-0.4973000000000029,-0.5689856250000029,0.071685625,0.032700000000004364,0.0,-0.5454000000000014,0.13759999999999856
546,BTCUSDT,short,1785193200000,1785322800000,2026-07-27T23:00:00+00:00,2026-07-29T11:00:00+00:00,63723.6,64444.0,65048.9,59875.0,0.001,36,max_hold,-0.7204000000000015,-0.7908921800000015,0.07049218,0.031900000000001455,0.0,-0.992300000000003,1.0635000000000001
547,BTCUSDT,long,1785639600000,1785726000000,2026-08-02T03:00:00+00:00,2026-08-03T03:00:00+00:00,63457.3,62895.8,62895.8,65014.3,0.001,24,stop,-0.5615,-0.630994205,0.069494205,0.03180000000000291,0.0,-0.7123000000000029,0.3216999999999971
548,BTCUSDT,long,1786284000000,1786312800000,2026-08-09T14:00:00+00:00,2026-08-09T22:00:00+00:00,65227.6,64968.299999999996,64968.3,65874.8,0.001,8,stop,-0.25929999999999565,-0.33090774499999565,0.071607745,0.03259999999999855,0.0,-0.29140000000000144,0.25509999999999855
549,BTCUSDT,short,1786460400000,1786510800000,2026-08-11T15:00:00+00:00,2026-08-12T05:00:00+00:00,63715.1,63811.4,64240.6,62266.2,0.001,14,end_of_data,-0.09630000000000291,-0.16643957500000292,0.07013957500000001,0.031900000000001455,0.0,-0.17090000000000147,0.5035000000000001
