trade_id,symbol,side,entry_ts_ms,exit_ts_ms,entry_ts_utc,exit_ts_utc,entry_price,exit_price,stop_price,target_price,qty,hold_bars,exit_reason,gross_pnl,realized_pnl,fees,slippage_cost,funding,mae,mfe
1,ETHUSDT,long,1578042000000,1578171600000,2020-01-03T09:00:00+00:00,2020-01-04T21:00:00+00:00,132.19,134.01,129.33,140.45,0.04,36,max_hold,0.07279999999999973,0.06694359999999973,0.0058563999999999995,0.002799999999999727,0.0,-0.05,0.14440000000000056
2,ETHUSDT,long,1578445200000,1578488400000,2020-01-08T01:00:00+00:00,2020-01-08T13:00:00+00:00,147.59,141.77,141.77,164.73,0.04,12,stop,-0.23279999999999973,-0.23916591999999973,0.006365920000000001,0.0032000000000005,0.0,-0.27680000000000066,0.00919999999999959
3,ETHUSDT,long,1578762000000,1578780000000,2020-01-11T17:00:00+00:00,2020-01-11T22:00:00+00:00,146.42,142.74,142.74,156.93,0.04,5,stop,-0.14719999999999914,-0.15356151999999915,0.006361520000000001,0.0031999999999993635,0.0,-0.17079999999999929,0.06440000000000054
4,ETHUSDT,short,1579435200000,1579564800000,2020-01-19T12:00:00+00:00,2020-01-21T00:00:00+00:00,166.71,167.01,172.47,150.08,0.03,36,max_hold,-0.008999999999999488,-0.014506379999999488,0.00550638,0.002700000000000102,0.0,-0.08309999999999945,0.15630000000000024
5,ETHUSDT,long,1580900400000,1580936400000,2020-02-05T11:00:00+00:00,2020-02-05T21:00:00+00:00,195.59,207.2,191.63,207.2,0.03,10,target,0.34829999999999955,0.34165396499999956,0.006646035,0.002999999999999829,0.0,-0.027299999999999897,0.3777000000000001
6,ETHUSDT,long,1581436800000,1581465600000,2020-02-11T16:00:00+00:00,2020-02-12T00:00:00+00:00,229.57,247.0,223.59,247.0,0.03,8,target,0.5229000000000001,0.5150365950000001,0.007863405,0.003600000000000136,0.0,-0.028799999999999385,0.5915999999999999
7,ETHUSDT,long,1581469200000,1581598800000,2020-02-12T01:00:00+00:00,2020-02-13T13:00:00+00:00,248.16,269.13,237.82,278.94,0.03,36,max_hold,0.6291,0.620564715,0.008535285,0.0038999999999998636,0.0,-0.1622999999999999,0.9192000000000005
8,ETHUSDT,short,1581872400000,1581876000000,2020-02-16T17:00:00+00:00,2020-02-16T18:00:00+00:00,246.66,255.38,255.38,220.85,0.03,1,stop,-0.26159999999999994,-0.26988365999999997,0.008283660000000002,0.0038999999999998636,0.0,-0.29369999999999974,0.1179000000000002
9,ETHUSDT,short,1582149600000,1582279200000,2020-02-19T22:00:00+00:00,2020-02-21T10:00:00+00:00,262.67,260.93,268.86,244.26,0.02,36,max_hold,0.034800000000000185,0.029040400000000185,0.0057596,0.002799999999999727,0.0,-0.07959999999999923,0.3352000000000004
10,ETHUSDT,short,1583949600000,1583956800000,2020-03-11T18:00:00+00:00,2020-03-11T20:00:00+00:00,184.44,192.67,192.67,159.98,0.03,2,stop,-0.24689999999999968,-0.25312231499999965,0.006222315,0.002999999999999829,0.0,-0.2627999999999997,0.07680000000000006
11,ETHUSDT,short,1584010800000,1584010800000,2020-03-12T11:00:00+00:00,2020-03-12T11:00:00+00:00,131.56,146.96,146.96,86.09,0.04,0,stop_entry_bar,-0.6160000000000002,-0.6221274400000002,0.006127440000000001,0.002799999999999727,0.0,-0.6975999999999999,0.5316000000000003
12,ETHUSDT,long,1584309600000,1584309600000,2020-03-15T22:00:00+00:00,2020-03-15T22:00:00+00:00,133.07,123.97,123.97,160.55,0.04,0,stop_entry_bar,-0.36399999999999977,-0.3696548799999998,0.005654880000000001,0.002799999999999727,0.0,-0.45079999999999987,0.004400000000000546
13,ETHUSDT,short,1584313200000,1584442800000,2020-03-15T23:00:00+00:00,2020-03-17T11:00:00+00:00,123.85,116.74,132.44,98.4,0.05,36,max_hold,0.3555,0.348883775,0.006616225,0.0035000000000003696,0.0,-0.09750000000000014,1.1869999999999998
14,ETHUSDT,long,1584612000000,1584655200000,2020-03-19T10:00:00+00:00,2020-03-19T22:00:00+00:00,124.1,141.85,118.05,141.85,0.05,12,target,0.8875000000000001,0.8801863750000001,0.007313625000000001,0.003499999999999659,0.0,-0.09399999999999978,0.9620000000000005
15,ETHUSDT,long,1584968400000,1585098000000,2020-03-23T13:00:00+00:00,2020-03-25T01:00:00+00:00,132.8,139.86,125.39,154.84,0.04,36,max_hold,0.2824000000000001,0.2764014800000001,0.00599852,0.002800000000000864,0.0,-0.2408000000000004,0.4255999999999995
16,ETHUSDT,short,1585353600000,1585483200000,2020-03-28T00:00:00+00:00,2020-03-29T12:00:00+00:00,131.17,129.15,134.25,122.33,0.04,36,max_hold,0.08079999999999928,0.07507295999999927,0.00572704,0.002800000000000864,0.0,-0.07040000000000078,0.2659999999999997
17,ETHUSDT,long,1585846800000,1585857600000,2020-04-02T17:00:00+00:00,2020-04-02T20:00:00+00:00,143.53,138.64,138.64,158.01,0.04,3,stop,-0.1956000000000006,-0.2018077400000006,0.00620774,0.0032000000000005,0.0,-0.22039999999999965,0.25759999999999994
18,ETHUSDT,long,1586149200000,1586185200000,2020-04-06T05:00:00+00:00,2020-04-06T15:00:00+00:00,147.94,160.17,143.76,160.17,0.04,10,target,0.4891999999999996,0.4824215799999996,0.00677842,0.0031999999999993635,0.0,-0.05039999999999964,0.5384000000000003
19,ETHUSDT,short,1586491200000,1586620800000,2020-04-10T04:00:00+00:00,2020-04-11T16:00:00+00:00,163.27,157.29,168.72,147.28,0.04,36,max_hold,0.23920000000000075,0.23214768000000074,0.007052320000000001,0.0036000000000001365,0.0,-0.028399999999999183,0.4508000000000004
20,ETHUSDT,long,1587024000000,1587153600000,2020-04-16T08:00:00+00:00,2020-04-17T20:00:00+00:00,164.62,170.91,160.83,175.58,0.04,36,max_hold,0.2515999999999997,0.2442183399999997,0.007381660000000001,0.0036000000000001365,0.0,-0.004400000000000546,0.4119999999999993
21,ETHUSDT,long,1587214800000,1587344400000,2020-04-18T13:00:00+00:00,2020-04-20T01:00:00+00:00,178.63,182.17,174.15,191.72,0.03,36,max_hold,0.10619999999999975,0.10024679999999975,0.0059532,0.002700000000000102,0.0,-0.07079999999999956,0.33150000000000035
22,ETHUSDT,long,1587564000000,1587650400000,2020-04-22T14:00:00+00:00,2020-04-23T14:00:00+00:00,180.18,192.89,175.79,192.89,0.03,24,target,0.38129999999999936,0.3751443449999994,0.006155655,0.002999999999999829,0.0,-0.06540000000000021,0.4265999999999999
23,ETHUSDT,long,1587794400000,1587924000000,2020-04-25T06:00:00+00:00,2020-04-26T18:00:00+00:00,194.49,194.94,189.18,210.06,0.03,36,max_hold,0.013499999999999658,0.007074404999999659,0.006425594999999999,0.003000000000000682,0.0,-0.09210000000000064,0.16499999999999998
24,ETHUSDT,long,1588143600000,1588176000000,2020-04-29T07:00:00+00:00,2020-04-29T16:00:00+00:00,205.77,217.2,201.83,217.2,0.03,9,target,0.3428999999999993,0.33592099499999933,0.006979005,0.003300000000000409,0.0,-0.041400000000000714,0.41189999999999966
25,ETHUSDT,short,1588240800000,1588370400000,2020-04-30T10:00:00+00:00,2020-05-01T22:00:00+00:00,206.33,212.54,219.14,168.34,0.03,36,max_hold,-0.18629999999999938,-0.1932113549999994,0.006911355,0.0032999999999995563,0.0,-0.3347999999999999,0.1329000000000002
26,ETHUSDT,short,1588809600000,1588816800000,2020-05-07T00:00:00+00:00,2020-05-07T02:00:00+00:00,198.99,205.17,205.17,180.75,0.03,2,stop,-0.18539999999999934,-0.19206863999999935,0.00666864,0.002999999999999829,0.0,-0.2873999999999995,0.08550000000000067
27,ETHUSDT,short,1589130000000,1589140800000,2020-05-10T17:00:00+00:00,2020-05-10T20:00:00+00:00,180.51,187.75,187.75,159.1,0.03,3,stop,-0.21720000000000025,-0.22327629000000027,0.00607629,0.003000000000000682,0.0,-0.2706000000000003,0.0
28,ETHUSDT,long,1589720400000,1589850000000,2020-05-17T13:00:00+00:00,2020-05-19T01:00:00+00:00,206.92,212.09,202.5,219.7,0.03,36,max_hold,0.15510000000000046,0.14818633500000045,0.006913665,0.0032999999999995563,0.0,-0.030599999999999454,0.3084
29,ETHUSDT,short,1589990400000,1590084000000,2020-05-20T16:00:00+00:00,2020-05-21T18:00:00+00:00,207.84,195.18,212.27,195.18,0.03,26,target,0.37979999999999986,0.37315016999999984,0.006649830000000001,0.0032999999999995563,0.0,-0.11549999999999983,0.48689999999999967
30,ETHUSDT,short,1590321600000,1590451200000,2020-05-24T12:00:00+00:00,2020-05-26T00:00:00+00:00,205.83,204.1,209.93,193.97,0.03,36,max_hold,0.05190000000000054,0.045136155000000545,0.006763845,0.0032999999999995563,0.0,-0.06419999999999959,0.2433000000000004
31,ETHUSDT,short,1590508800000,1590523200000,2020-05-26T16:00:00+00:00,2020-05-26T20:00:00+00:00,197.51,201.92,201.92,184.67,0.03,4,stop,-0.1322999999999999,-0.1388905949999999,0.0065905949999999994,0.003000000000000682,0.0,-0.1602000000000001,0.024899999999999523
32,ETHUSDT,long,1590814800000,1590876000000,2020-05-30T05:00:00+00:00,2020-05-30T22:00:00+00:00,228.25,241.9,223.54,241.9,0.03,17,target,0.40950000000000014,0.40174252500000013,0.007757475000000001,0.003600000000000136,0.0,-0.012900000000000205,0.5879999999999999
33,ETHUSDT,long,1591660800000,1591660800000,2020-06-09T00:00:00+00:00,2020-06-09T00:00:00+00:00,246.77,243.42,243.42,256.34,0.03,0,stop_entry_bar,-0.10050000000000067,-0.10858813500000067,0.008088135,0.0039000000000007163,0.0,-0.28409999999999996,0.09989999999999952
34,ETHUSDT,short,1591894800000,1591894800000,2020-06-11T17:00:00+00:00,2020-06-11T17:00:00+00:00,225.67,234.32,234.32,199.49,0.03,0,stop_entry_bar,-0.2595000000000002,-0.26708983500000016,0.007589835,0.003600000000000136,0.0,-0.2949000000000004,0.01019999999999925
35,ETHUSDT,long,1592791200000,1592841600000,2020-06-22T02:00:00+00:00,2020-06-22T16:00:00+00:00,233.42,245.03,229.38,245.03,0.03,14,target,0.3483000000000004,0.3404055750000004,0.007894425,0.0035999999999992835,0.0,-0.021299999999999385,0.35460000000000064
36,ETHUSDT,short,1593288000000,1593291600000,2020-06-27T20:00:00+00:00,2020-06-27T21:00:00+00:00,217.59,220.59,220.59,209.11,0.03,1,stop,-0.09,-0.09722997,0.0072299700000000005,0.0032999999999995563,0.0,-0.15180000000000007,0.032700000000000104
37,ETHUSDT,long,1593885600000,1593914400000,2020-07-04T18:00:00+00:00,2020-07-05T02:00:00+00:00,230.02,227.56,227.56,236.91,0.03,8,stop,-0.07380000000000024,-0.08135007000000025,0.00755007,0.003600000000000136,0.0,-0.07680000000000006,0.014399999999999693
38,ETHUSDT,short,1593943200000,1593982800000,2020-07-05T10:00:00+00:00,2020-07-05T21:00:00+00:00,224.34,226.88,226.88,217.25,0.03,11,stop,-0.07619999999999975,-0.08364512999999975,0.00744513,0.003600000000000136,0.0,-0.08669999999999958,0.03240000000000037
39,ETHUSDT,long,1594018800000,1594080000000,2020-07-06T07:00:00+00:00,2020-07-07T00:00:00+00:00,232.63,243.08,228.99,243.08,0.03,17,target,0.3135000000000005,0.3056507850000005,0.007849215,0.003600000000000136,0.0,-0.016499999999999487,0.3381000000000003
40,ETHUSDT,short,1594562400000,1594591200000,2020-07-12T14:00:00+00:00,2020-07-12T22:00:00+00:00,237.51,240.5,240.5,229.07,0.03,8,stop,-0.08970000000000027,-0.09758716500000027,0.007887165000000002,0.003600000000000136,0.0,-0.10950000000000017,0.0252000000000001
41,ETHUSDT,short,1594882800000,1595012400000,2020-07-16T07:00:00+00:00,2020-07-17T19:00:00+00:00,235.16,233.26,237.22,229.45,0.03,36,max_hold,0.05700000000000017,0.04927107000000017,0.00772893,0.003600000000000136,0.0,-0.003600000000000136,0.1595999999999998
42,ETHUSDT,long,1595199600000,1595271600000,2020-07-19T23:00:00+00:00,2020-07-20T19:00:00+00:00,237.99,235.53,235.53,244.88,0.03,20,stop,-0.07380000000000024,-0.08161308000000024,0.00781308,0.003600000000000136,0.0,-0.11970000000000026,0.05819999999999993
43,ETHUSDT,short,1595275200000,1595293200000,2020-07-20T20:00:00+00:00,2020-07-21T01:00:00+00:00,235.28,237.4,237.4,229.44,0.03,5,stop,-0.06360000000000013,-0.07139922000000012,0.00779922,0.003600000000000136,0.0,-0.06540000000000021,0.007200000000000272
44,ETHUSDT,long,1595318400000,1595448000000,2020-07-21T08:00:00+00:00,2020-07-22T20:00:00+00:00,242.04,245.34,238.39,252.44,0.03,36,max_hold,0.09900000000000034,0.09095823000000033,0.00804177,0.0038999999999998636,0.0,-0.022799999999999727,0.14490000000000036
45,ETHUSDT,long,1595458800000,1595462400000,2020-07-22T23:00:00+00:00,2020-07-23T00:00:00+00:00,263.12,266.24,262.05,266.24,0.02,1,target,0.062400000000000094,0.05657704000000009,0.005822960000000001,0.002799999999999727,0.0,-0.007400000000000091,0.06759999999999991
46,ETHUSDT,long,1595523600000,1595566800000,2020-07-23T17:00:00+00:00,2020-07-24T05:00:00+00:00,280.33,270.53,270.53,309.14,0.02,12,stop,-0.19600000000000023,-0.20205946000000022,0.00605946,0.002999999999999545,0.0,-0.22319999999999937,0.0
47,ETHUSDT,long,1595700000000,1595811600000,2020-07-25T18:00:00+00:00,2020-07-27T01:00:00+00:00,297.06,325.62,287.34,325.62,0.02,31,target,0.5712,0.5643505200000001,0.006849480000000001,0.002999999999999545,0.0,-0.10360000000000014,0.5977999999999998
48,ETHUSDT,long,1596304800000,1596340800000,2020-08-01T18:00:00+00:00,2020-08-02T04:00:00+00:00,374.02,359.92,359.92,415.64,0.02,10,stop,-0.2819999999999993,-0.2900733399999993,0.00807334,0.0037999999999999545,0.0,-1.4403999999999997,0.8894000000000005
49,ETHUSDT,long,1597352400000,1597482000000,2020-08-13T21:00:00+00:00,2020-08-15T09:00:00+00:00,411.17,434.04,392.33,467.04,0.02,36,max_hold,0.4574000000000001,0.4481026900000001,0.009297310000000001,0.0042000000000007275,0.0,-0.007400000000000091,0.6898000000000002
50,ETHUSDT,short,1599310800000,1599440400000,2020-09-05T13:00:00+00:00,2020-09-07T01:00:00+00:00,336.35,356.2,362.58,258.34,0.02,36,max_hold,-0.39699999999999935,-0.40461804999999934,0.00761805,0.0033999999999991815,0.0,-0.4815999999999997,0.5798000000000002
51,ETHUSDT,long,1599937200000,1599994800000,2020-09-12T19:00:00+00:00,2020-09-13T11:00:00+00:00,383.08,372.69,372.69,413.54,0.02,16,stop,-0.20779999999999973,-0.21611346999999972,0.00831347,0.003999999999999773,0.0,-0.24159999999999968,0.1474000000000001
52,ETHUSDT,long,1600304400000,1600434000000,2020-09-17T01:00:00+00:00,2020-09-18T13:00:00+00:00,378.81,387.05,366.01,416.45,0.02,36,max_hold,0.1648000000000002,0.1563755400000002,0.008424460000000002,0.0037999999999999545,0.0,-0.0932000000000005,0.3051999999999998
53,ETHUSDT,short,1600606800000,1600686000000,2020-09-20T13:00:00+00:00,2020-09-21T11:00:00+00:00,371.8,353.08,378.31,353.08,0.02,22,target,0.37440000000000057,0.3664263200000006,0.00797368,0.0037999999999999545,0.0,-0.10799999999999954,0.4713999999999999
54,ETHUSDT,short,1601571600000,1601701200000,2020-10-01T17:00:00+00:00,2020-10-03T05:00:00+00:00,349.68,347.68,356.52,329.92,0.02,36,max_hold,0.04,0.03232904,0.007670960000000001,0.0036000000000001365,0.0,-0.09319999999999937,0.31340000000000034
55,ETHUSDT,long,1602000000000,1602007200000,2020-10-06T16:00:00+00:00,2020-10-06T18:00:00+00:00,351.42,345.57,345.57,368.26,0.02,2,stop,-0.11700000000000045,-0.12466689000000045,0.007666890000000001,0.0036000000000001365,0.0,-0.18840000000000032,0.011599999999999682
56,ETHUSDT,long,1602241200000,1602295200000,2020-10-09T11:00:00+00:00,2020-10-10T02:00:00+00:00,356.47,371.32,351.28,371.32,0.02,15,target,0.2969999999999993,0.2889943099999993,0.008005690000000001,0.0036000000000001365,0.0,-0.004600000000000364,0.4171999999999991
57,ETHUSDT,long,1602298800000,1602428400000,2020-10-10T03:00:00+00:00,2020-10-11T15:00:00+00:00,376.34,373.26,367.74,401.38,0.02,36,max_hold,-0.06159999999999968,-0.06984559999999969,0.0082456,0.0037999999999999545,0.0,-0.15479999999999905,0.047200000000000276
58,ETHUSDT,short,1602500400000,1602507600000,2020-10-12T11:00:00+00:00,2020-10-12T13:00:00+00:00,367.38,373.41,373.41,350.05,0.02,2,stop,-0.1206000000000006,-0.1287486900000006,0.00814869,0.0037999999999999545,0.0,-0.3698000000000002,0.0367999999999995
59,ETHUSDT,long,1602511200000,1602597600000,2020-10-12T14:00:00+00:00,2020-10-13T14:00:00+00:00,384.25,374.29,374.29,413.32,0.02,24,stop,-0.1991999999999996,-0.2075439399999996,0.008343940000000001,0.003999999999999773,0.0,-0.2,0.22360000000000013
60,ETHUSDT,short,1602824400000,1602954000000,2020-10-16T05:00:00+00:00,2020-10-17T17:00:00+00:00,368.74,366.64,375.03,350.63,0.02,36,max_hold,0.042000000000000454,0.03391082000000045,0.008089180000000001,0.0037999999999999545,0.0,-0.06860000000000013,0.16420000000000073
61,ETHUSDT,long,1603004400000,1603119600000,2020-10-18T07:00:00+00:00,2020-10-19T15:00:00+00:00,374.04,384.15,370.46,384.15,0.02,32,target,0.20219999999999913,0.19385990999999914,0.008340090000000001,0.0037999999999999545,0.0,-0.05080000000000041,0.20439999999999942
62,ETHUSDT,short,1603195200000,1603249200000,2020-10-20T12:00:00+00:00,2020-10-21T03:00:00+00:00,367.81,374.1,374.1,349.7,0.02,15,stop,-0.1258000000000004,-0.1339610100000004,0.00816101,0.0037999999999999545,0.0,-0.24139999999999986,0.025
63,ETHUSDT,short,1603605600000,1603728000000,2020-10-25T06:00:00+00:00,2020-10-26T16:00:00+00:00,406.47,384.47,414.08,384.47,0.02,34,target,0.44,0.43129966,0.00870034,0.004199999999999591,0.0,-0.09419999999999959,0.4578000000000009
64,ETHUSDT,long,1604264400000,1604304000000,2020-11-01T21:00:00+00:00,2020-11-02T08:00:00+00:00,394.65,389.78,389.78,408.3,0.02,11,stop,-0.0974000000000001,-0.1060287300000001,0.008628730000000001,0.003999999999999773,0.0,-0.23299999999999954,0.20700000000000046
65,ETHUSDT,short,1604307600000,1604437200000,2020-11-02T09:00:00+00:00,2020-11-03T21:00:00+00:00,384.2,382.36,397.63,344.71,0.02,36,max_hold,0.0367999999999995,0.0283678399999995,0.008432160000000001,0.003999999999999773,0.0,-0.09139999999999987,0.28399999999999975
66,ETHUSDT,long,1604509200000,1604628000000,2020-11-04T17:00:00+00:00,2020-11-06T02:00:00+00:00,401.69,440.99,388.34,440.99,0.02,33,target,0.7860000000000003,0.7767305200000002,0.00926948,0.004199999999999591,0.0,-0.11600000000000023,0.8175999999999999
67,ETHUSDT,long,1605056400000,1605186000000,2020-11-11T01:00:00+00:00,2020-11-12T13:00:00+00:00,464.54,461.33,449.96,507.33,0.02,36,max_hold,-0.06420000000000073,-0.07438457000000073,0.01018457,0.004800000000000182,0.0,-0.2690000000000009,0.24699999999999933
68,ETHUSDT,short,1605463200000,1605510000000,2020-11-15T18:00:00+00:00,2020-11-16T07:00:00+00:00,445.45,455.33,455.33,416.65,0.02,13,stop,-0.19759999999999991,-0.20750857999999991,0.00990858,0.004600000000000364,0.0,-0.22360000000000013,0.10699999999999932
69,ETHUSDT,short,1605679200000,1605686400000,2020-11-18T06:00:00+00:00,2020-11-18T08:00:00+00:00,470.09,481.9,481.9,435.47,0.02,2,stop,-0.23620000000000005,-0.24667189000000006,0.010471890000000001,0.004800000000000182,0.0,-0.23620000000000005,0.0817999999999995
70,ETHUSDT,short,1606827600000,1606831200000,2020-12-01T13:00:00+00:00,2020-12-01T14:00:00+00:00,576.55,603.59,603.59,497.01,0.01,1,stop,-0.2704000000000008,-0.2768907700000008,0.006490770000000001,0.002900000000000773,0.0,-0.38450000000000045,0.11549999999999955
71,ETHUSDT,short,1607079600000,1607209200000,2020-12-04T11:00:00+00:00,2020-12-05T23:00:00+00:00,593.01,591.59,609.96,543.49,0.01,36,max_hold,0.014199999999999591,0.00768469999999959,0.006515300000000002,0.002999999999999545,0.0,-0.05190000000000055,0.31950000000000045
72,ETHUSDT,long,1608127200000,1608192000000,2020-12-16T14:00:00+00:00,2020-12-17T08:00:00+00:00,611.04,655.01,595.88,655.01,0.01,18,target,0.43970000000000026,0.43273672500000027,0.006963275,0.0030999999999994543,0.0,-0.01939999999999941,0.4604000000000008
73,ETHUSDT,long,1608202800000,1608228000000,2020-12-17T11:00:00+00:00,2020-12-17T18:00:00+00:00,670.76,637.51,637.51,769.16,0.01,7,stop,-0.3325,-0.339695485,0.007195485,0.0034000000000003186,0.0,-0.4575999999999999,0.07440000000000055
74,ETHUSDT,short,1608501600000,1608631200000,2020-12-20T22:00:00+00:00,2020-12-22T10:00:00+00:00,632.34,605.47,652.62,572.27,0.01,36,max_hold,0.26870000000000005,0.2618920450000001,0.006807955000000001,0.0031999999999993635,0.0,-0.16539999999999963,0.43930000000000063
75,ETHUSDT,long,1609002000000,1609117200000,2020-12-26T17:00:00+00:00,2020-12-28T01:00:00+00:00,648.71,719.33,624.78,719.33,0.01,32,target,0.7062,0.6986757800000001,0.007524220000000002,0.0033000000000004094,0.0,-0.23710000000000037,0.7228999999999997
76,ETHUSDT,long,1609592400000,1609664400000,2021-01-02T13:00:00+00:00,2021-01-03T09:00:00+00:00,754.16,825.07,730.02,825.07,0.01,20,target,0.7091000000000008,0.7004142350000009,0.008685765000000002,0.0037999999999999545,0.0,-0.03610000000000014,0.7288
77,ETHUSDT,long,1609682400000,1609689600000,2021-01-03T14:00:00+00:00,2021-01-03T16:00:00+00:00,877.11,971.99,844.9,971.99,0.01,2,target,0.9488,0.9386299499999999,0.01017005,0.004400000000000546,0.0,-0.11110000000000014,1.0867999999999995
78,ETHUSDT,long,1611021600000,1611140400000,2021-01-19T02:00:00+00:00,2021-01-20T11:00:00+00:00,1324.18,1269.89,1269.89,1485.13,0.01,33,stop,-0.5428999999999996,-0.5571673849999996,0.014267385000000004,0.006700000000000728,0.0,-0.7218000000000007,1.198699999999999
79,ETHUSDT,long,1612285200000,1612414800000,2021-02-02T17:00:00+00:00,2021-02-04T05:00:00+00:00,1499.2,1665.59,1413.15,1754.36,0.01,36,max_hold,1.6638999999999988,1.646493654999999,0.017406345,0.0075,0.0,-0.33200000000000046,2.0416999999999983
80,ETHUSDT,long,1612789200000,1612918800000,2021-02-08T13:00:00+00:00,2021-02-10T01:00:00+00:00,1734.16,1789.43,1639.18,2015.58,0.01,36,max_hold,0.5526999999999999,0.5333202549999998,0.019379745000000004,0.008700000000001182,0.0,-0.5337000000000012,0.9630999999999995
81,ETHUSDT,short,1613354400000,1613390400000,2021-02-15T02:00:00+00:00,2021-02-15T12:00:00+00:00,1753.65,1808.73,1808.73,1591.94,0.01,10,stop,-0.5507999999999993,-0.5703930899999993,0.01959309,0.008799999999998817,0.0,-0.5938999999999988,1.0165000000000008
82,ETHUSDT,long,1615633200000,1615762800000,2021-03-13T11:00:00+00:00,2021-03-14T23:00:00+00:00,1865.98,1883.28,1794.44,2077.51,0.01,36,max_hold,0.17299999999999954,0.15237906999999953,0.020620930000000003,0.009400000000000545,0.0,-0.2998000000000002,0.8276999999999999
83,ETHUSDT,short,1615856400000,1615881600000,2021-03-16T01:00:00+00:00,2021-03-16T08:00:00+00:00,1732.06,1813.12,1813.12,1492.31,0.01,7,stop,-0.8105999999999994,-0.8300984899999995,0.01949849,0.008700000000001182,0.0,-0.8770000000000004,0.20059999999999945
84,ETHUSDT,short,1616446800000,1616576400000,2021-03-22T21:00:00+00:00,2021-03-24T09:00:00+00:00,1676.89,1712.62,1739.27,1492.26,0.01,36,max_hold,-0.3572999999999979,-0.3759423049999979,0.018642305000000005,0.008399999999999182,0.0,-0.4562999999999988,0.27580000000000154
85,ETHUSDT,long,1617375600000,1617472800000,2021-04-02T15:00:00+00:00,2021-04-03T18:00:00+00:00,2074.98,2008.99,2008.99,2268.82,0.01,27,stop,-0.6599000000000002,-0.6823618350000001,0.022461835000000003,0.010399999999999637,0.0,-0.7298000000000002,0.7501999999999999
86,ETHUSDT,long,1618304400000,1618380000000,2021-04-13T09:00:00+00:00,2021-04-14T06:00:00+00:00,2231.34,2413.17,2169.13,2413.17,0.01,21,target,1.8182999999999994,1.7927551949999994,0.025544805000000004,0.011200000000003455,0.0,-0.2646000000000004,1.8190999999999986
87,ETHUSDT,long,1619535600000,1619665200000,2021-04-27T15:00:00+00:00,2021-04-29T03:00:00+00:00,2641.03,2720.79,2542.88,2929.56,0.01,36,max_hold,0.7975999999999976,0.7681099899999977,0.029490010000000004,0.013200000000001638,0.0,-0.7820000000000027,1.2106999999999972
88,ETHUSDT,long,1620493200000,1620622800000,2021-05-08T17:00:00+00:00,2021-05-10T05:00:00+00:00,3784.6,4098.4,3663.2,4141.23,0.01,36,max_hold,3.1379999999999972,3.0946434999999974,0.04335649999999999,0.01900000000000091,0.0,-0.5459999999999992,3.645899999999997
89,ETHUSDT,short,1620864000000,1620993600000,2021-05-13T00:00:00+00:00,2021-05-14T12:00:00+00:00,3827.97,4001.21,4167.34,2813.95,0.01,36,max_hold,-1.7324000000000024,-1.7754604900000024,0.04306049000000001,0.019200000000000727,0.0,-2.0848000000000004,3.3643999999999963
90,ETHUSDT,short,1621429200000,1621429200000,2021-05-19T13:00:00+00:00,2021-05-19T13:00:00+00:00,2331.75,2564.08,2564.08,1643.05,0.01,0,stop_entry_bar,-2.3232999999999993,-2.3502270649999994,0.026927065,0.011700000000000727,0.0,-2.8625000000000003,9.3102
91,ETHUSDT,long,1623618000000,1623747600000,2021-06-13T21:00:00+00:00,2021-06-15T09:00:00+00:00,2523.65,2579.66,2415.89,2841.81,0.01,36,max_hold,0.5600999999999976,0.5320317949999976,0.028068205000000002,0.012699999999999819,0.0,-0.636500000000001,1.1633999999999969
92,ETHUSDT,short,1624258800000,1624388400000,2021-06-21T07:00:00+00:00,2021-06-22T19:00:00+00:00,2011.92,1933.0,2134.95,1646.92,0.01,36,max_hold,0.7892000000000008,0.7675029400000007,0.021697060000000004,0.01009999999999991,0.0,-0.4407999999999993,3.1327999999999996
93,ETHUSDT,long,1624834800000,1624964400000,2021-06-27T23:00:00+00:00,2021-06-29T11:00:00+00:00,1955.43,2171.28,1862.08,2231.55,0.01,36,max_hold,2.1585000000000014,2.1358030950000013,0.022696905000000003,0.009800000000000182,0.0,-0.16560000000000172,2.3256999999999994
94,ETHUSDT,short,1625486400000,1625544000000,2021-07-05T12:00:00+00:00,2021-07-06T04:00:00+00:00,2193.42,2294.2,2294.2,1895.73,0.01,16,stop,-1.0077999999999974,-1.0324819099999973,0.02468191,0.01099999999999909,0.0,-1.2657999999999994,0.3838000000000011
95,ETHUSDT,long,1626570000000,1626616800000,2021-07-18T01:00:00+00:00,2021-07-18T14:00:00+00:00,1971.16,1907.25,1907.25,2158.92,0.01,13,stop,-0.6391000000000008,-0.6604312550000008,0.021331255,0.009900000000000091,0.0,-0.7219000000000005,0.2309999999999991
96,ETHUSDT,long,1627261200000,1627347600000,2021-07-26T01:00:00+00:00,2021-07-27T01:00:00+00:00,2260.97,2182.52,2182.52,2491.75,0.01,24,stop,-0.7844999999999982,-0.8089391949999982,0.024439195,0.011299999999996544,0.0,-1.0566999999999962,1.725600000000004
97,ETHUSDT,long,1628082000000,1628211600000,2021-08-04T13:00:00+00:00,2021-08-06T01:00:00+00:00,2587.58,2777.91,2491.95,2868.78,0.01,36,max_hold,1.9032999999999993,1.8737898049999993,0.029510195000000003,0.012999999999997272,0.0,-0.6057999999999993,2.590500000000002
98,ETHUSDT,short,1629644400000,1629673200000,2021-08-22T15:00:00+00:00,2021-08-22T23:00:00+00:00,3165.27,3248.3,3248.3,2922.61,0.01,8,stop,-0.830300000000002,-0.8655746350000021,0.035274635000000006,0.015900000000001455,0.0,-0.9142999999999983,0.40920000000000073
99,ETHUSDT,short,1629813600000,1629943200000,2021-08-24T14:00:00+00:00,2021-08-26T02:00:00+00:00,3253.36,3212.09,3336.6,3009.79,0.01,36,max_hold,0.41269999999999984,0.3771400249999998,0.035559975,0.016299999999996543,0.0,-0.04639999999999873,1.7484000000000015
100,ETHUSDT,long,1630396800000,1630512000000,2021-08-31T08:00:00+00:00,2021-09-01T16:00:00+00:00,3365.32,3776.63,3225.95,3776.63,0.01,32,target,4.113099999999999,4.073819274999999,0.039280725,0.016900000000000547,0.0,-0.5297000000000025,4.5230999999999995
101,ETHUSDT,long,1630515600000,1630645200000,2021-09-01T17:00:00+00:00,2021-09-03T05:00:00+00:00,3754.39,3813.050000000001,3655.53,4043.14,0.01,36,max_hold,0.5866000000000031,0.5449790800000032,0.041620920000000006,0.018799999999996545,0.0,-0.663699999999999,0.9461000000000013
102,ETHUSDT,short,1631005200000,1631023200000,2021-09-07T09:00:00+00:00,2021-09-07T14:00:00+00:00,3756.52,3557.23,3825.66,3557.23,0.01,5,target,1.9928999999999997,1.9526743749999997,0.040225625,0.01880000000000109,0.0,-0.30449999999999816,3.7190999999999987
103,ETHUSDT,short,1631026800000,1631156400000,2021-09-07T15:00:00+00:00,2021-09-09T03:00:00+00:00,3390.12,3449.29,3620.47,2705.86,0.01,36,max_hold,-0.5917000000000008,-0.6293167550000007,0.037616755,0.017000000000002728,0.0,-1.848800000000001,4.671199999999999
104,ETHUSDT,long,1631437200000,1631476800000,2021-09-12T09:00:00+00:00,2021-09-12T20:00:00+00:00,3441.47,3313.28,3313.28,3819.17,0.01,11,stop,-1.281899999999996,-1.319051124999996,0.03715112500000001,0.017199999999997998,0.0,-1.3128999999999997,0.3348000000000002
105,ETHUSDT,long,1631768400000,1631822400000,2021-09-16T05:00:00+00:00,2021-09-16T20:00:00+00:00,3653.37,3532.32,3532.32,4009.17,0.01,15,stop,-1.2104999999999972,-1.2500212949999971,0.039521295000000005,0.01829999999999927,0.0,-1.713699999999999,0.06230000000000018
106,ETHUSDT,short,1632052800000,1632135600000,2021-09-19T12:00:00+00:00,2021-09-20T11:00:00+00:00,3324.75,3070.64,3411.67,3070.64,0.01,23,target,2.5411000000000015,2.5059253550000014,0.035174645000000004,0.016700000000000728,0.0,-0.5725,3.1296000000000004
107,ETHUSDT,short,1632477600000,1632607200000,2021-09-24T10:00:00+00:00,2021-09-25T22:00:00+00:00,2857.86,2912.18,3009.85,2406.37,0.01,36,max_hold,-0.5431999999999971,-0.5749352199999971,0.03173522000000001,0.014299999999998363,0.0,-1.2157999999999993,1.2686000000000013
108,ETHUSDT,long,1632650400000,1632780000000,2021-09-26T10:00:00+00:00,2021-09-27T22:00:00+00:00,2982.5,2994.06,2847.45,3381.6,0.01,36,max_hold,0.11559999999999945,0.08272891999999946,0.032871080000000004,0.015,0.0,-0.5240999999999986,1.814000000000001
109,ETHUSDT,long,1633528800000,1633658400000,2021-10-06T14:00:00+00:00,2021-10-08T02:00:00+00:00,3585.55,3610.47,3461.39,3952.71,0.01,36,max_hold,0.24919999999999617,0.20962188999999617,0.03957811,0.01800000000000182,0.0,-1.151800000000003,0.7442999999999984
110,ETHUSDT,short,1633831200000,1633838400000,2021-10-10T02:00:00+00:00,2021-10-10T04:00:00+00:00,3503.48,3565.62,3565.62,3324.14,0.01,2,stop,-0.6213999999999987,-0.6602800499999988,0.03888005,0.017599999999997635,0.0,-0.7651999999999999,0.18179999999999838
111,ETHUSDT,long,1634212800000,1634342400000,2021-10-14T12:00:00+00:00,2021-10-16T00:00:00+00:00,3742.53,3872.7,3643.15,4033.17,0.01,36,max_hold,1.3016999999999963,1.2598162349999964,0.041883765,0.01880000000000109,0.0,-0.17230000000000018,1.7246999999999981
112,ETHUSDT,long,1636333200000,1636462800000,2021-11-08T01:00:00+00:00,2021-11-09T13:00:00+00:00,4698.55,4785.4,4608.06,4960.57,0.01,36,max_hold,0.8684999999999946,0.8163382749999946,0.052161725000000006,0.02350000000000364,0.0,-0.1268000000000029,1.4642000000000008
113,ETHUSDT,short,1636711200000,1636840800000,2021-11-12T10:00:00+00:00,2021-11-13T22:00:00+00:00,4616.75,4657.67,4757.3,4205.51,0.01,36,max_hold,-0.40920000000000073,-0.46020931000000076,0.05100931000000001,0.023100000000004003,0.0,-0.9125,1.0875000000000001
114,ETHUSDT,short,1637024400000,1637154000000,2021-11-16T01:00:00+00:00,2021-11-17T13:00:00+00:00,4438.73,4244.7,4573.28,4044.03,0.01,36,max_hold,1.9402999999999975,1.8925411349999974,0.047758865,0.02230000000000473,0.0,-0.09710000000000037,3.7672999999999957
115,ETHUSDT,long,1637434800000,1637535600000,2021-11-20T19:00:00+00:00,2021-11-21T23:00:00+00:00,4373.32,4257.02,4257.02,4713.47,0.01,28,stop,-1.1629999999999927,-1.2104668699999928,0.04746687000000001,0.021899999999996,0.0,-1.313199999999997,0.6269000000000051
116,ETHUSDT,short,1637917200000,1638046800000,2021-11-26T09:00:00+00:00,2021-11-27T21:00:00+00:00,4096.73,4054.14,4205.68,3776.91,0.01,36,max_hold,0.4258999999999969,0.3810702149999969,0.044829785,0.02050000000000182,0.0,-0.859300000000003,1.8572999999999957
117,ETHUSDT,short,1639148400000,1639278000000,2021-12-10T15:00:00+00:00,2021-12-12T03:00:00+00:00,4027.23,4032.929999999999,4217.28,3463.75,0.01,36,max_hold,-0.056999999999998184,-0.10133087999999818,0.04433088,0.02019999999999982,0.0,-0.7086000000000013,1.962199999999998
118,ETHUSDT,short,1639584000000,1639591200000,2021-12-15T16:00:00+00:00,2021-12-15T18:00:00+00:00,3654.77,3787.78,3787.78,3263.11,0.01,2,stop,-1.3301000000000023,-1.3710340250000024,0.040934025,0.01829999999999927,0.0,-1.8577,0.1538000000000011
119,ETHUSDT,long,1639598400000,1639728000000,2021-12-15T20:00:00+00:00,2021-12-17T08:00:00+00:00,3970.34,3880.61,3783.09,4524.14,0.01,36,max_hold,-0.8973000000000002,-0.9404802250000002,0.043180225,0.019900000000002364,0.0,-1.1991000000000032,1.4813000000000012
120,ETHUSDT,short,1640178000000,1640188800000,2021-12-22T13:00:00+00:00,2021-12-22T16:00:00+00:00,3952.22,4022.9,4022.9,3747.46,0.01,3,stop,-0.7068000000000029,-0.7506631600000029,0.04386316,0.019800000000000182,0.0,-0.8143000000000029,0.09379999999999655
121,ETHUSDT,long,1641142800000,1641225600000,2022-01-02T17:00:00+00:00,2022-01-03T16:00:00+00:00,3840.31,3769.6,3769.6,4044.72,0.01,23,stop,-0.7071000000000004,-0.7489545050000004,0.041854505,0.019200000000000727,0.0,-1.0811000000000013,0.19690000000000055
122,ETHUSDT,short,1641412800000,1641459600000,2022-01-05T20:00:00+00:00,2022-01-06T09:00:00+00:00,3651.71,3361.62,3750.95,3361.62,0.01,13,target,2.9009000000000014,2.8623266850000015,0.038573315,0.01829999999999927,0.0,-0.11849999999999909,3.594000000000001
123,ETHUSDT,short,1641528000000,1641657600000,2022-01-07T04:00:00+00:00,2022-01-08T16:00:00+00:00,3236.43,3159.66,3350.46,2900.83,0.01,36,max_hold,0.7676999999999998,0.7325215049999998,0.035178495000000004,0.016200000000003455,0.0,-0.5841000000000031,1.9565999999999986
124,ETHUSDT,short,1641664800000,1641693600000,2022-01-08T18:00:00+00:00,2022-01-09T02:00:00+00:00,3036.88,3142.73,3142.73,2725.41,0.01,8,stop,-1.058499999999999,-1.092487854999999,0.033987855,0.015199999999999818,0.0,-1.0856999999999972,0.40430000000000293
125,ETHUSDT,short,1641819600000,1641866400000,2022-01-10T13:00:00+00:00,2022-01-11T02:00:00+00:00,3028.55,3118.46,3118.46,2764.94,0.01,13,stop,-0.8990999999999986,-0.9329085549999986,0.033808555000000004,0.015199999999999818,0.0,-0.991899999999996,1.0376999999999998
126,ETHUSDT,long,1641920400000,1642050000000,2022-01-11T17:00:00+00:00,2022-01-13T05:00:00+00:00,3219.61,3335.53,3124.78,3497.66,0.01,36,max_hold,1.1592000000000007,1.1231467300000006,0.03605327,0.016100000000001273,0.0,-0.19610000000000127,1.9138999999999988
127,ETHUSDT,short,1642716000000,1642766400000,2022-01-20T22:00:00+00:00,2022-01-21T12:00:00+00:00,3077.2,2732.81,3194.05,2732.81,0.01,14,target,3.443899999999999,3.411944944999999,0.031955055,0.015399999999999636,0.0,-0.2755000000000018,3.5084999999999993
128,ETHUSDT,short,1643814000000,1643943600000,2022-02-02T15:00:00+00:00,2022-02-04T03:00:00+00:00,2684.37,2685.8,2778.87,2406.26,0.01,36,max_hold,-0.014300000000002911,-0.043835935000002914,0.029535935000000003,0.01349999999999909,0.0,-0.4823000000000002,1.1173000000000002
129,ETHUSDT,long,1643954400000,1644084000000,2022-02-04T06:00:00+00:00,2022-02-05T18:00:00+00:00,2770.23,3015.83,2669.93,3065.56,0.01,36,max_hold,2.455999999999999,2.424176669999999,0.031823330000000004,0.013899999999998728,0.0,-0.07400000000000091,2.8967999999999985
130,ETHUSDT,long,1644192000000,1644321600000,2022-02-07T00:00:00+00:00,2022-02-08T12:00:00+00:00,3055.79,3103.81,2978.13,3282.64,0.01,36,max_hold,0.48019999999999985,0.44632219999999984,0.0338778,0.015299999999997455,0.0,-0.6496000000000004,1.9086000000000014
131,ETHUSDT,short,1644501600000,1644505200000,2022-02-10T14:00:00+00:00,2022-02-10T15:00:00+00:00,3123.9,3240.4,3240.4,2780.53,0.01,1,stop,-1.165,-1.20000365,0.035003650000000004,0.01569999999999709,0.0,-1.4109999999999991,0.40320000000000167
132,ETHUSDT,long,1644890400000,1645020000000,2022-02-15T02:00:00+00:00,2022-02-16T14:00:00+00:00,3021.72,3072.79,2897.43,3388.55,0.01,36,max_hold,0.5107000000000016,0.4771801950000016,0.033519805,0.015199999999999818,0.0,-0.16139999999999874,1.7628000000000021
133,ETHUSDT,long,1645041600000,1645066800000,2022-02-16T20:00:00+00:00,2022-02-17T03:00:00+00:00,3169.37,3093.02,3093.02,3391.31,0.01,7,stop,-0.7634999999999991,-0.7979431449999991,0.034443145,0.01589999999999691,0.0,-0.8823000000000002,0.0863000000000011
134,ETHUSDT,short,1645992000000,1646056800000,2022-02-27T20:00:00+00:00,2022-02-28T14:00:00+00:00,2604.54,2753.03,2753.03,2164.48,0.01,18,stop,-1.4849000000000023,-1.5143666350000022,0.029466635000000005,0.013099999999999454,0.0,-1.5809000000000015,0.5086000000000013
135,ETHUSDT,long,1646060400000,1646190000000,2022-02-28T15:00:00+00:00,2022-03-02T03:00:00+00:00,2757.44,2947.75,2630.87,3131.59,0.01,36,max_hold,1.9030999999999996,1.8717214549999996,0.031378545,0.013800000000001091,0.0,-0.19659999999999855,2.7855999999999996
136,ETHUSDT,short,1646355600000,1646485200000,2022-03-04T01:00:00+00:00,2022-03-05T13:00:00+00:00,2731.98,2651.99,2841.84,2407.89,0.01,36,max_hold,0.7999000000000024,0.7702881650000024,0.029611835000000003,0.01369999999999891,0.0,-0.2775,1.6132999999999993
137,ETHUSDT,short,1646611200000,1646658000000,2022-03-07T00:00:00+00:00,2022-03-07T13:00:00+00:00,2548.08,2617.56,2617.56,2344.79,0.01,13,stop,-0.6948000000000002,-0.7232110200000001,0.028411020000000002,0.012800000000002,0.0,-0.7892000000000008,0.6609000000000015
138,ETHUSDT,short,1647212400000,1647230400000,2022-03-13T23:00:00+00:00,2022-03-14T04:00:00+00:00,2501.66,2569.15,2569.15,2304.22,0.01,5,stop,-0.6749000000000024,-0.7027894550000023,0.027889455,0.012600000000002182,0.0,-1.0441000000000031,0.11409999999999855
139,ETHUSDT,long,1648414800000,1648472400000,2022-03-27T21:00:00+00:00,2022-03-28T13:00:00+00:00,3239.24,3369.14,3193.78,3369.14,0.01,16,target,1.299000000000001,1.262653910000001,0.03634609,0.01619999999999891,0.0,-0.16729999999999565,1.5676000000000023
140,ETHUSDT,short,1648746000000,1648818000000,2022-03-31T17:00:00+00:00,2022-04-01T13:00:00+00:00,3269.19,3363.27,3363.27,2993.46,0.01,20,stop,-0.9407999999999993,-0.9772785299999993,0.03647853000000001,0.016399999999998728,0.0,-0.9580999999999995,0.5913000000000012
141,ETHUSDT,short,1649631600000,1649667600000,2022-04-10T23:00:00+00:00,2022-04-11T09:00:00+00:00,3218.96,3070.04,3270.76,3070.04,0.01,10,target,1.4892000000000007,1.4546105000000007,0.0345895,0.01619999999999891,0.0,-0.10329999999999928,1.4896000000000005
142,ETHUSDT,short,1649671200000,1649800800000,2022-04-11T10:00:00+00:00,2022-04-12T22:00:00+00:00,3077.36,3007.66,3175.02,2790.53,0.01,36,max_hold,0.6970000000000027,0.6635323900000027,0.03346761000000001,0.015399999999999636,0.0,-0.12809999999999946,1.322800000000002
143,ETHUSDT,long,1649858400000,1649952000000,2022-04-13T14:00:00+00:00,2022-04-14T16:00:00+00:00,3079.74,3003.09,3003.09,3303.56,0.01,26,stop,-0.7664999999999964,-0.7999555649999964,0.03345556500000001,0.015399999999999636,0.0,-0.7973999999999979,0.6826000000000022
144,ETHUSDT,short,1650124800000,1650142800000,2022-04-16T16:00:00+00:00,2022-04-16T21:00:00+00:00,3014.32,3047.98,3047.98,2919.35,0.01,5,stop,-0.33659999999999857,-0.3699426499999986,0.03334265,0.015099999999997636,0.0,-0.3952999999999975,0.02
145,ETHUSDT,short,1650240000000,1650319200000,2022-04-18T00:00:00+00:00,2022-04-18T22:00:00+00:00,2984.52,3056.49,3056.49,2774.66,0.01,22,stop,-0.719699999999998,-0.752925554999998,0.033225555000000004,0.015,0.0,-0.8332000000000016,1.086500000000001
146,ETHUSDT,short,1650848400000,1650902400000,2022-04-25T01:00:00+00:00,2022-04-25T16:00:00+00:00,2853.94,2931.16,2931.16,2627.92,0.01,15,stop,-0.772199999999998,-0.804018049999998,0.03181805,0.014299999999998363,0.0,-0.8290999999999986,0.6263999999999987
147,ETHUSDT,short,1651330800000,1651420800000,2022-04-30T15:00:00+00:00,2022-05-01T16:00:00+00:00,2780.11,2826.92,2826.92,2645.29,0.01,25,stop,-0.46809999999999946,-0.49893866499999945,0.030838665000000005,0.01400000000000091,0.0,-0.501500000000001,0.6846000000000004
148,ETHUSDT,long,1651690800000,1651759200000,2022-05-04T19:00:00+00:00,2022-05-05T14:00:00+00:00,2935.07,2844.26,2844.26,3201.61,0.01,19,stop,-0.9080999999999995,-0.9398863149999994,0.03178631500000001,0.014700000000002546,0.0,-1.2307000000000017,0.29929999999999835
149,ETHUSDT,short,1651762800000,1651777200000,2022-05-05T15:00:00+00:00,2022-05-05T19:00:00+00:00,2827.87,2685.17,2877.33,2685.17,0.01,4,target,1.4269999999999983,1.3966782799999982,0.030321720000000003,0.014200000000000728,0.0,-0.01880000000000109,1.4302999999999975
150,ETHUSDT,short,1651960800000,1652061600000,2022-05-07T22:00:00+00:00,2022-05-09T02:00:00+00:00,2618.51,2470.44,2669.61,2470.44,0.01,28,target,1.4807000000000017,1.4527107750000017,0.027989225000000003,0.013099999999999454,0.0,-0.36489999999999784,1.9801000000000022
151,ETHUSDT,short,1652274000000,1652274000000,2022-05-11T13:00:00+00:00,2022-05-11T13:00:00+00:00,2171.74,2350.55,2350.55,1639.66,0.01,0,stop_entry_bar,-1.788100000000004,-1.812972595000004,0.024872595,0.010900000000001455,0.0,-2.2442000000000006,0.21739999999999782
152,ETHUSDT,long,1653213600000,1653231600000,2022-05-22T10:00:00+00:00,2022-05-22T15:00:00+00:00,2027.62,1998.9,1998.9,2109.65,0.01,5,stop,-0.287199999999998,-0.30934585999999803,0.022145860000000003,0.010199999999999819,0.0,-0.37409999999999854,0.09940000000000054
153,ETHUSDT,short,1653555600000,1653580800000,2022-05-26T09:00:00+00:00,2022-05-26T16:00:00+00:00,1832.09,1893.22,1893.22,1652.41,0.01,7,stop,-0.6113000000000011,-0.631789205000001,0.020489205000000003,0.009200000000000728,0.0,-0.7591000000000009,1.0708999999999993
154,ETHUSDT,long,1653876000000,1653944400000,2022-05-30T02:00:00+00:00,2022-05-30T21:00:00+00:00,1845.37,1995.65,1794.03,1995.65,0.01,19,target,1.5028000000000021,1.4816743900000022,0.021125610000000003,0.009299999999998363,0.0,-0.026499999999998636,1.5963000000000012
155,ETHUSDT,short,1654095600000,1654113600000,2022-06-01T15:00:00+00:00,2022-06-01T20:00:00+00:00,1908.43,1778.16,1953.15,1778.16,0.01,5,target,1.3026999999999997,1.2824237549999997,0.020276245000000005,0.009600000000000363,0.0,-0.05009999999999991,1.4991000000000008
156,ETHUSDT,short,1654563600000,1654628400000,2022-06-07T01:00:00+00:00,2022-06-07T19:00:00+00:00,1756.97,1830.8,1830.8,1538.96,0.01,18,stop,-0.7382999999999993,-0.7580327349999993,0.019732735,0.008799999999998817,0.0,-1.1802999999999997,0.3497000000000003
157,ETHUSDT,short,1654866000000,1654934400000,2022-06-10T13:00:00+00:00,2022-06-11T08:00:00+00:00,1727.31,1589.83,1774.31,1589.83,0.01,19,target,1.3748000000000002,1.3565557300000002,0.01824427,0.008700000000001182,0.0,-0.21350000000000136,1.5865999999999987
158,ETHUSDT,short,1654938000000,1655010000000,2022-06-11T09:00:00+00:00,2022-06-12T05:00:00+00:00,1575.13,1424.99,1627.56,1424.99,0.01,20,target,1.501400000000001,1.484899340000001,0.01650066,0.007899999999999636,0.0,-0.385,1.5413000000000012
159,ETHUSDT,short,1655535600000,1655575200000,2022-06-18T07:00:00+00:00,2022-06-18T18:00:00+00:00,1017.68,941.36,1043.82,941.36,0.01,11,target,0.7631999999999994,0.7524252799999994,0.010774720000000002,0.005100000000001046,0.0,-0.1032000000000005,0.8534999999999991
160,ETHUSDT,short,1657717200000,1657720800000,2022-07-13T13:00:00+00:00,2022-07-13T14:00:00+00:00,1027.92,1056.94,1056.94,942.93,0.01,1,stop,-0.29019999999999985,-0.3016667299999998,0.011466730000000001,0.0051999999999998185,0.0,-0.4437999999999988,0.12750000000000114
161,ETHUSDT,long,1657814400000,1657911600000,2022-07-14T16:00:00+00:00,2022-07-15T19:00:00+00:00,1141.06,1264.67,1099.07,1264.67,0.01,27,target,1.2361000000000013,1.2228684850000013,0.013231515000000001,0.005799999999999273,0.0,-0.08179999999999836,1.2894000000000005
162,ETHUSDT,long,1658948400000,1659038400000,2022-07-27T19:00:00+00:00,2022-07-28T20:00:00+00:00,1581.29,1781.05,1513.58,1781.05,0.01,25,target,1.9976,1.97910713,0.01849287,0.007999999999999546,0.0,-0.028199999999999364,2.0321000000000002
163,ETHUSDT,long,1659700800000,1659715200000,2022-08-05T12:00:00+00:00,2022-08-05T16:00:00+00:00,1714.13,1657.01,1657.01,1882.06,0.01,4,stop,-0.5712000000000012,-0.5897412700000012,0.018541270000000002,0.008600000000001273,0.0,-0.5823000000000002,0.11989999999999781
164,ETHUSDT,long,1659949200000,1660039200000,2022-08-08T09:00:00+00:00,2022-08-09T10:00:00+00:00,1773.75,1726.32,1726.32,1912.43,0.01,25,stop,-0.47430000000000067,-0.49355038500000065,0.019250385000000002,0.008900000000001,0.0,-0.6225999999999999,0.4602999999999997
165,ETHUSDT,long,1660136400000,1660266000000,2022-08-10T13:00:00+00:00,2022-08-12T01:00:00+00:00,1823.35,1884.5,1759.46,2011.34,0.01,36,max_hold,0.6115000000000009,0.5911068250000009,0.020393175,0.009199999999998454,0.0,-0.20049999999999954,1.196500000000001
166,ETHUSDT,short,1660496400000,1660528800000,2022-08-14T17:00:00+00:00,2022-08-15T02:00:00+00:00,1939.22,1994.33,1994.33,1777.84,0.01,9,stop,-0.551099999999999,-0.572734524999999,0.021634525,0.009800000000000182,0.0,-0.676099999999999,0.3422000000000003
167,ETHUSDT,short,1660723200000,1660852800000,2022-08-17T08:00:00+00:00,2022-08-18T20:00:00+00:00,1888.5,1869.37,1919.63,1798.9,0.01,36,max_hold,0.1913000000000011,0.1706317150000011,0.020668285,0.009500000000000454,0.0,-0.135,0.7049000000000001
168,ETHUSDT,short,1660892400000,1660942800000,2022-08-19T07:00:00+00:00,2022-08-19T21:00:00+00:00,1747.26,1652.44,1780.04,1652.44,0.01,14,target,0.9481999999999994,0.9295016499999994,0.018698350000000002,0.008800000000001092,0.0,-0.15430000000000063,1.2824000000000002
169,ETHUSDT,long,1661518800000,1661522400000,2022-08-26T13:00:00+00:00,2022-08-26T14:00:00+00:00,1680.1,1655.59,1655.59,1750.28,0.01,1,stop,-0.2450999999999999,-0.2634462949999999,0.018346295000000002,0.008399999999999182,0.0,-0.5,0.2590000000000009
170,ETHUSDT,short,1661526000000,1661612400000,2022-08-26T15:00:00+00:00,2022-08-27T15:00:00+00:00,1632.45,1459.52,1691.19,1459.52,0.01,24,target,1.7293000000000007,1.7122941650000008,0.017005835000000004,0.008199999999999364,0.0,-0.015099999999999909,1.8245000000000005
171,ETHUSDT,long,1662426000000,1662483600000,2022-09-06T01:00:00+00:00,2022-09-06T17:00:00+00:00,1662.47,1615.21,1615.21,1801.0,0.01,16,stop,-0.4725999999999999,-0.4906272399999999,0.01802724,0.008399999999999182,0.0,-0.9247000000000003,0.24279999999999974
172,ETHUSDT,short,1662487200000,1662580800000,2022-09-06T18:00:00+00:00,2022-09-07T20:00:00+00:00,1586.19,1652.17,1652.17,1391.5,0.01,26,stop,-0.6598000000000002,-0.6776109800000002,0.017810980000000004,0.007999999999999546,0.0,-0.6776999999999999,1.0002999999999997
173,ETHUSDT,long,1662584400000,1662714000000,2022-09-07T21:00:00+00:00,2022-09-09T09:00:00+00:00,1640.33,1705.87,1589.74,1788.86,0.01,36,max_hold,0.6553999999999996,0.6369958999999996,0.0184041,0.008199999999999364,0.0,-0.46329999999999927,0.7767000000000007
174,ETHUSDT,short,1663074000000,1663203600000,2022-09-13T13:00:00+00:00,2022-09-15T01:00:00+00:00,1627.44,1617.11,1702.33,1406.74,0.01,36,max_hold,0.10330000000000154,0.08545497500000154,0.017845025,0.008199999999999364,0.0,-0.14799999999999955,0.7944000000000006
175,ETHUSDT,short,1663254000000,1663383600000,2022-09-15T15:00:00+00:00,2022-09-17T03:00:00+00:00,1489.79,1438.98,1597.2,1170.56,0.01,36,max_hold,0.5080999999999994,0.4919917649999994,0.016108235,0.0075,0.0,-0.27079999999999926,0.8678999999999997
176,ETHUSDT,short,1663495200000,1663534800000,2022-09-18T10:00:00+00:00,2022-09-18T21:00:00+00:00,1422.74,1362.09,1443.93,1362.09,0.01,11,target,0.6065000000000009,0.5911834350000009,0.015316565,0.007200000000000273,0.0,-0.20680000000000065,1.0274
177,ETHUSDT,long,1663783200000,1663783200000,2022-09-21T18:00:00+00:00,2022-09-21T18:00:00+00:00,1401.47,1354.08,1354.08,1540.8,0.01,0,stop_entry_bar,-0.473900000000001,-0.489055525000001,0.015155525,0.007100000000000364,0.0,-1.1647000000000003,0.18529999999999974
178,ETHUSDT,short,1664708400000,1664737200000,2022-10-02T11:00:00+00:00,2022-10-02T19:00:00+00:00,1288.2,1307.27,1307.27,1233.64,0.01,8,stop,-0.19069999999999937,-0.20497508499999936,0.014275085000000002,0.006499999999998636,0.0,-0.2539999999999986,0.03200000000000046
179,ETHUSDT,short,1665147600000,1665277200000,2022-10-07T13:00:00+00:00,2022-10-09T01:00:00+00:00,1330.03,1311.84,1350.59,1271.07,0.01,36,max_hold,0.18190000000000056,0.16736971500000056,0.014530285,0.006700000000000728,0.0,-0.11970000000000028,0.2802999999999997
180,ETHUSDT,short,1665658800000,1665658800000,2022-10-13T11:00:00+00:00,2022-10-13T11:00:00+00:00,1241.29,1250.23,1250.23,1216.98,0.01,0,stop_entry_bar,-0.08940000000000055,-0.10310336000000055,0.013703360000000001,0.006300000000001091,0.0,-0.10640000000000101,0.016900000000000547
181,ETHUSDT,long,1665950400000,1666080000000,2022-10-16T20:00:00+00:00,2022-10-18T08:00:00+00:00,1307.98,1336.21,1289.76,1360.0,0.01,36,max_hold,0.28230000000000016,0.2677569550000002,0.014543045000000001,0.006600000000000819,0.0,-0.17920000000000072,0.34019999999999984
182,ETHUSDT,long,1666548000000,1666677600000,2022-10-23T18:00:00+00:00,2022-10-25T06:00:00+00:00,1328.75,1349.36,1311.72,1377.17,0.01,36,max_hold,0.206099999999999,0.191370394999999,0.014729605,0.006700000000000728,0.0,-0.065,0.4225
183,ETHUSDT,long,1666706400000,1666717200000,2022-10-25T14:00:00+00:00,2022-10-25T17:00:00+00:00,1382.05,1442.06,1361.11,1442.06,0.01,3,target,0.6001,0.584567395,0.015532605000000001,0.007000000000000455,0.0,-0.054700000000000276,1.516300000000001
184,ETHUSDT,long,1666720800000,1666720800000,2022-10-25T18:00:00+00:00,2022-10-25T18:00:00+00:00,1482.31,1506.01,1473.41,1506.01,0.01,0,target_entry_bar,0.23700000000000046,0.22056424000000047,0.01643576,0.0075,0.0,-0.086099999999999,0.45809999999999945
185,ETHUSDT,long,1667210400000,1667221200000,2022-10-31T10:00:00+00:00,2022-10-31T13:00:00+00:00,1620.61,1575.19,1575.19,1753.64,0.01,3,stop,-0.45419999999999844,-0.47177689999999844,0.0175769,0.008099999999999455,0.0,-0.656099999999999,0.14320000000000163
186,ETHUSDT,short,1667224800000,1667354400000,2022-10-31T14:00:00+00:00,2022-11-02T02:00:00+00:00,1556.56,1585.43,1616.93,1379.13,0.01,36,max_hold,-0.2887000000000012,-0.30598094500000117,0.017280945,0.007799999999999727,0.0,-0.5644000000000006,0.12839999999999918
187,ETHUSDT,long,1667574000000,1667577600000,2022-11-04T15:00:00+00:00,2022-11-04T16:00:00+00:00,1660.83,1614.96,1614.96,1795.07,0.01,1,stop,-0.45869999999999894,-0.47671684499999895,0.018016845000000004,0.008299999999999273,0.0,-0.5482999999999992,0.02009999999999991
188,ETHUSDT,short,1667779200000,1667847600000,2022-11-07T00:00:00+00:00,2022-11-07T19:00:00+00:00,1566.63,1604.1,1604.1,1457.38,0.01,19,stop,-0.37469999999999803,-0.39213901499999804,0.017439015000000002,0.007899999999999636,0.0,-0.4136999999999989,0.2163000000000011
189,ETHUSDT,long,1667926800000,1667926800000,2022-11-08T17:00:00+00:00,2022-11-08T17:00:00+00:00,1546.07,1495.86,1495.86,1693.59,0.01,0,stop_entry_bar,-0.5021000000000003,-0.5188306150000003,0.016730615,0.007799999999999727,0.0,-1.0534999999999992,0.08430000000000064
190,ETHUSDT,short,1667930400000,1667988000000,2022-11-08T18:00:00+00:00,2022-11-09T10:00:00+00:00,1445.57,1135.63,1549.79,1135.63,0.01,16,target,3.0993999999999984,3.0852033999999984,0.014196600000000002,0.007300000000000182,0.0,-0.231400000000001,3.128399999999999
191,ETHUSDT,long,1668409200000,1668538800000,2022-11-14T07:00:00+00:00,2022-11-15T19:00:00+00:00,1236.76,1242.59,1177.95,1410.72,0.01,36,max_hold,0.058299999999999276,0.044663574999999275,0.013636425,0.006199999999998909,0.0,-0.2875999999999999,0.5524000000000001
192,ETHUSDT,long,1668898800000,1668898800000,2022-11-19T23:00:00+00:00,2022-11-19T23:00:00+00:00,1224.26,1218.8,1218.8,1238.18,0.01,0,stop_entry_bar,-0.054600000000000364,-0.06803683000000037,0.01343683,0.006199999999998909,0.0,-0.08009999999999991,0.028199999999999364
193,ETHUSDT,short,1668945600000,1668970800000,2022-11-20T12:00:00+00:00,2022-11-20T19:00:00+00:00,1166.19,1189.35,1189.35,1099.08,0.01,7,stop,-0.23159999999999856,-0.24455546999999855,0.01295547,0.005899999999999182,0.0,-0.24809999999999946,0.14690000000000056
194,ETHUSDT,short,1669593600000,1669698000000,2022-11-28T00:00:00+00:00,2022-11-29T05:00:00+00:00,1192.65,1210.31,1210.31,1142.12,0.01,29,stop,-0.17659999999999854,-0.18981627999999853,0.01321628,0.00599999999999909,0.0,-0.22149999999999864,0.42400000000000093
195,ETHUSDT,long,1669770000000,1669899600000,2022-11-30T01:00:00+00:00,2022-12-01T13:00:00+00:00,1275.11,1287.74,1239.69,1378.77,0.01,36,max_hold,0.1263000000000011,0.1122043250000011,0.014095675000000002,0.006399999999998727,0.0,-0.2174000000000001,0.3788000000000011
196,ETHUSDT,short,1670108400000,1670115600000,2022-12-03T23:00:00+00:00,2022-12-04T01:00:00+00:00,1240.58,1260.05,1260.05,1184.72,0.01,2,stop,-0.1947000000000003,-0.20845346500000028,0.013753465,0.006300000000001091,0.0,-0.22850000000000137,0.04480000000000018
197,ETHUSDT,short,1670400000000,1670508000000,2022-12-07T08:00:00+00:00,2022-12-08T14:00:00+00:00,1223.1,1248.69,1248.69,1148.85,0.01,30,stop,-0.25590000000000146,-0.2694948450000015,0.013594845000000001,0.006200000000001183,0.0,-0.2567000000000007,0.06079999999999927
198,ETHUSDT,long,1670526000000,1670590800000,2022-12-08T19:00:00+00:00,2022-12-09T13:00:00+00:00,1288.04,1263.44,1263.44,1359.25,0.01,18,stop,-0.2459999999999991,-0.2600331399999991,0.014033140000000001,0.006499999999998636,0.0,-0.28649999999999864,0.09590000000000146
199,ETHUSDT,long,1670940000000,1670950800000,2022-12-13T14:00:00+00:00,2022-12-13T17:00:00+00:00,1338.33,1308.83,1308.83,1424.35,0.01,3,stop,-0.295,-0.30955938,0.01455938,0.006699999999998454,0.0,-0.33269999999999983,0.053500000000001366
200,ETHUSDT,short,1671181200000,1671206400000,2022-12-16T09:00:00+00:00,2022-12-16T16:00:00+00:00,1242.98,1182.92,1263.83,1182.92,0.01,7,target,0.6005999999999995,0.5872575499999995,0.01334245,0.006299999999998818,0.0,-0.006299999999998818,0.6255999999999995
201,ETHUSDT,short,1671721200000,1671739200000,2022-12-22T15:00:00+00:00,2022-12-22T20:00:00+00:00,1192.01,1208.39,1208.39,1145.3,0.01,5,stop,-0.16380000000000108,-0.17700220000000108,0.0132022,0.00599999999999909,0.0,-0.47980000000000017,0.10009999999999991
202,ETHUSDT,long,1671742800000,1671872400000,2022-12-22T21:00:00+00:00,2022-12-24T09:00:00+00:00,1217.41,1217.5,1208.32,1242.24,0.01,36,max_hold,0.0008999999999991815,-0.012492005000000821,0.013392005000000002,0.006100000000001274,0.0,-0.09080000000000155,0.1683999999999992
203,ETHUSDT,long,1672646400000,1672754400000,2023-01-02T08:00:00+00:00,2023-01-03T14:00:00+00:00,1213.44,1206.41,1206.41,1232.06,0.01,30,stop,-0.07029999999999972,-0.08360917499999973,0.013309175000000003,0.006100000000001274,0.0,-0.08440000000000054,0.11559999999999945
204,ETHUSDT,long,1672804800000,1672934400000,2023-01-04T04:00:00+00:00,2023-01-05T16:00:00+00:00,1250.96,1248.72,1233.84,1299.8,0.01,36,max_hold,-0.02240000000000009,-0.036148240000000095,0.013748240000000002,0.006300000000001091,0.0,-0.12350000000000137,0.24039999999999964
205,ETHUSDT,long,1673020800000,1673150400000,2023-01-06T16:00:00+00:00,2023-01-08T04:00:00+00:00,1263.12,1262.36,1247.07,1308.7,0.01,36,max_hold,-0.007599999999999909,-0.021490139999999908,0.01389014,0.006399999999998727,0.0,-0.06819999999999936,0.1465000000000009
206,ETHUSDT,long,1673193600000,1673193600000,2023-01-08T16:00:00+00:00,2023-01-08T16:00:00+00:00,1274.65,1266.52,1266.52,1296.49,0.01,0,stop_entry_bar,-0.0813000000000011,-0.0952764350000011,0.013976435000000002,0.006400000000001,0.0,-0.13710000000000036,0.05349999999999909
207,ETHUSDT,long,1673222400000,1673272800000,2023-01-09T00:00:00+00:00,2023-01-09T14:00:00+00:00,1290.29,1331.35,1275.75,1331.35,0.01,14,target,0.41059999999999947,0.39618097999999946,0.014419020000000001,0.006499999999998636,0.0,-0.05480000000000018,0.42210000000000036
208,ETHUSDT,long,1673481600000,1673528400000,2023-01-12T00:00:00+00:00,2023-01-12T13:00:00+00:00,1389.95,1364.43,1364.43,1463.75,0.01,13,stop,-0.2551999999999998,-0.2703490899999998,0.015149090000000002,0.007000000000000455,0.0,-0.31950000000000045,0.29779999999999973
209,ETHUSDT,long,1673546400000,1673654400000,2023-01-12T18:00:00+00:00,2023-01-14T00:00:00+00:00,1429.46,1547.89,1389.02,1547.89,0.01,30,target,1.1843000000000006,1.1679245750000005,0.016375425000000002,0.007200000000000273,0.0,-0.2875999999999999,2.1546000000000003
210,ETHUSDT,short,1674057600000,1674187200000,2023-01-18T16:00:00+00:00,2023-01-20T04:00:00+00:00,1549.25,1554.21,1580.0,1460.36,0.01,36,max_hold,-0.049600000000000366,-0.06666903000000036,0.017069030000000002,0.007799999999999727,0.0,-0.1765000000000009,0.48039999999999966
211,ETHUSDT,long,1674248400000,1674378000000,2023-01-20T21:00:00+00:00,2023-01-22T09:00:00+00:00,1642.58,1632.06,1601.66,1762.02,0.01,36,max_hold,-0.10519999999999982,-0.12321051999999982,0.01801052,0.008299999999999273,0.0,-0.3918999999999983,0.3986000000000013
212,ETHUSDT,short,1674486000000,1674486000000,2023-01-23T15:00:00+00:00,2023-01-23T15:00:00+00:00,1597.99,1624.76,1624.76,1521.53,0.01,0,stop_entry_bar,-0.2676999999999998,-0.28542512499999984,0.017725125,0.007999999999999546,0.0,-0.29,0.04
213,ETHUSDT,short,1674601200000,1674680400000,2023-01-24T23:00:00+00:00,2023-01-25T21:00:00+00:00,1560.66,1588.23,1588.23,1481.06,0.01,22,stop,-0.2756999999999994,-0.2930188949999994,0.017318895,0.007899999999999636,0.0,-0.6522000000000003,0.4836000000000013
214,ETHUSDT,long,1674684000000,1674684000000,2023-01-25T22:00:00+00:00,2023-01-25T22:00:00+00:00,1618.82,1576.36,1576.36,1742.97,0.01,0,stop_entry_bar,-0.42460000000000037,-0.4421734900000004,0.017573489999999997,0.008099999999999455,0.0,-0.45939999999999825,0.22360000000000127
215,ETHUSDT,long,1675281600000,1675411200000,2023-02-01T20:00:00+00:00,2023-02-03T08:00:00+00:00,1618.42,1638.12,1580.13,1730.0,0.01,36,max_hold,0.19699999999999818,0.17908902999999818,0.017910970000000002,0.008100000000001727,0.0,-0.05410000000000082,0.9857999999999993
216,ETHUSDT,long,1675519200000,1675551600000,2023-02-04T14:00:00+00:00,2023-02-04T23:00:00+00:00,1685.69,1669.36,1669.36,1731.29,0.01,9,stop,-0.16330000000000156,-0.18175277500000156,0.018452775,0.008500000000001364,0.0,-0.29190000000000055,0.05960000000000037
217,ETHUSDT,long,1675792800000,1675792800000,2023-02-07T18:00:00+00:00,2023-02-07T18:00:00+00:00,1672.87,1641.97,1641.97,1762.22,0.01,0,stop_entry_bar,-0.30899999999999866,-0.32723161999999867,0.01823162,0.008399999999999182,0.0,-0.4738999999999987,0.06160000000000082
218,ETHUSDT,short,1675796400000,1675796400000,2023-02-07T19:00:00+00:00,2023-02-07T19:00:00+00:00,1637.7,1646.63,1646.63,1614.21,0.01,0,stop_entry_bar,-0.08930000000000064,-0.10736381500000064,0.018063815000000004,0.008199999999999364,0.0,-0.20779999999999973,0.0005999999999994543
219,ETHUSDT,short,1675972800000,1676041200000,2023-02-09T20:00:00+00:00,2023-02-10T15:00:00+00:00,1578.29,1514.61,1600.57,1514.61,0.01,19,target,0.6368000000000007,0.6197890500000007,0.01701095,0.007899999999999636,0.0,-0.03579999999999927,0.7528999999999997
220,ETHUSDT,short,1676239200000,1676368800000,2023-02-12T22:00:00+00:00,2023-02-14T10:00:00+00:00,1509.43,1511.53,1537.36,1428.72,0.01,36,max_hold,-0.020999999999999092,-0.0376152799999991,0.016615280000000003,0.007599999999999909,0.0,-0.16669999999999846,0.49430000000000063
221,ETHUSDT,long,1676386800000,1676491200000,2023-02-14T15:00:00+00:00,2023-02-15T20:00:00+00:00,1555.06,1668.96,1516.05,1668.96,0.01,29,target,1.139000000000001,1.1212678900000008,0.017732110000000002,0.007799999999999727,0.0,-0.22779999999999972,1.2903999999999998
222,ETHUSDT,long,1676563200000,1676577600000,2023-02-16T16:00:00+00:00,2023-02-16T20:00:00+00:00,1725.77,1686.08,1686.08,1841.4,0.01,4,stop,-0.39690000000000053,-0.41566517500000055,0.018765175000000002,0.008699999999998908,0.0,-0.45769999999999983,0.1873000000000002
223,ETHUSDT,short,1676970000000,1677099600000,2023-02-21T09:00:00+00:00,2023-02-22T21:00:00+00:00,1674.17,1616.82,1710.03,1569.96,0.01,36,max_hold,0.5735000000000013,0.5553995550000014,0.018100445,0.008399999999999182,0.0,-0.12629999999999883,0.8300000000000001
224,ETHUSDT,short,1677254400000,1677384000000,2023-02-24T16:00:00+00:00,2023-02-26T04:00:00+00:00,1601.37,1601.9,1633.5,1508.23,0.01,36,max_hold,-0.005300000000002001,-0.022917985000002004,0.017617985000000003,0.008100000000001727,0.0,-0.21540000000000192,0.45289999999999964
225,ETHUSDT,long,1677438000000,1677528000000,2023-02-26T19:00:00+00:00,2023-02-27T20:00:00+00:00,1630.55,1609.87,1609.87,1689.29,0.01,25,stop,-0.20680000000000065,-0.22462231000000066,0.01782231,0.008199999999999364,0.0,-0.2383999999999992,0.3442000000000007
226,ETHUSDT,short,1677808800000,1677938400000,2023-03-03T02:00:00+00:00,2023-03-04T14:00:00+00:00,1550.99,1567.27,1589.43,1438.75,0.01,36,max_hold,-0.16279999999999972,-0.17995042999999972,0.01715043,0.007799999999999727,0.0,-0.2900999999999999,0.04990000000000009
227,ETHUSDT,short,1678388400000,1678392000000,2023-03-09T19:00:00+00:00,2023-03-09T20:00:00+00:00,1504.38,1424.85,1531.89,1424.85,0.01,1,target,0.795300000000002,0.779189235000002,0.016110765000000003,0.007599999999999909,0.0,-0.009499999999998182,1.0158000000000016
228,ETHUSDT,short,1678395600000,1678496400000,2023-03-09T21:00:00+00:00,2023-03-11T01:00:00+00:00,1411.23,1454.53,1454.53,1284.16,0.01,28,stop,-0.43299999999999955,-0.44876167999999955,0.01576168,0.007100000000000364,0.0,-0.6422000000000003,0.43720000000000026
229,ETHUSDT,long,1678644000000,1678658400000,2023-03-12T18:00:00+00:00,2023-03-12T22:00:00+00:00,1515.2,1574.91,1494.27,1574.91,0.01,4,target,0.5971000000000004,0.5801043950000004,0.016995605000000004,0.007599999999999909,0.0,-0.05539999999999964,0.8208999999999992
230,ETHUSDT,long,1678798800000,1678827600000,2023-03-14T13:00:00+00:00,2023-03-14T21:00:00+00:00,1735.52,1683.15,1683.15,1889.16,0.01,8,stop,-0.5236999999999989,-0.542502684999999,0.018802685000000003,0.008699999999998908,0.0,-0.7540000000000009,0.43529999999999974
231,ETHUSDT,long,1679403600000,1679511600000,2023-03-21T13:00:00+00:00,2023-03-22T19:00:00+00:00,1805.51,1749.73,1749.73,1969.18,0.01,30,stop,-0.5577999999999997,-0.5773538199999997,0.01955382,0.00910000000000082,0.0,-0.9651,0.3049000000000001
232,ETHUSDT,short,1679515200000,1679580000000,2023-03-22T20:00:00+00:00,2023-03-23T14:00:00+00:00,1715.25,1774.18,1774.18,1541.95,0.01,18,stop,-0.5893000000000006,-0.6084918650000006,0.019191865000000002,0.008599999999998999,0.0,-0.9302999999999998,0.0525
233,ETHUSDT,long,1679583600000,1679655600000,2023-03-23T15:00:00+00:00,2023-03-24T11:00:00+00:00,1804.8,1768.83,1768.83,1909.07,0.01,20,stop,-0.3597000000000003,-0.3793549650000003,0.019654965,0.009099999999998545,0.0,-0.8479999999999995,0.5520000000000005
234,ETHUSDT,short,1679659200000,1679659200000,2023-03-24T12:00:00+00:00,2023-03-24T12:00:00+00:00,1743.49,1768.91,1768.91,1670.79,0.01,0,stop_entry_bar,-0.25420000000000076,-0.27351820000000077,0.0193182,0.008799999999998817,0.0,-0.4249000000000001,0.030399999999999636
235,ETHUSDT,short,1679929200000,1680026400000,2023-03-27T15:00:00+00:00,2023-03-28T18:00:00+00:00,1717.49,1756.26,1756.26,1605.78,0.01,27,stop,-0.3876999999999998,-0.40680562499999984,0.019105625,0.008599999999998999,0.0,-0.6523000000000002,0.3349000000000001
236,ETHUSDT,long,1680030000000,1680159600000,2023-03-28T19:00:00+00:00,2023-03-30T07:00:00+00:00,1777.59,1795.23,1730.27,1915.95,0.01,36,max_hold,0.176400000000001,0.156749490000001,0.019650510000000003,0.008899999999998727,0.0,-0.1658999999999992,0.5229000000000019
237,ETHUSDT,long,1680548400000,1680552000000,2023-04-03T19:00:00+00:00,2023-04-03T20:00:00+00:00,1832.24,1795.17,1795.17,1939.76,0.01,1,stop,-0.37069999999999936,-0.39065075499999935,0.019950755000000004,0.009200000000000728,0.0,-0.5724000000000001,0.056600000000000816
238,ETHUSDT,long,1681146000000,1681264800000,2023-04-10T17:00:00+00:00,2023-04-12T02:00:00+00:00,1883.15,1857.01,1857.01,1957.81,0.01,33,stop,-0.261400000000001,-0.28197088000000103,0.020570880000000003,0.009500000000000454,0.0,-0.3276999999999998,0.5484999999999991
239,ETHUSDT,long,1681376400000,1681430400000,2023-04-13T09:00:00+00:00,2023-04-14T00:00:00+00:00,1963.98,2068.9,1927.69,2068.9,0.01,15,target,1.0492000000000008,1.0270191600000007,0.02218084,0.009900000000000091,0.0,-0.01,1.7365999999999986
240,ETHUSDT,long,1681434000000,1681484400000,2023-04-14T01:00:00+00:00,2023-04-14T15:00:00+00:00,2100.48,2070.4,2070.4,2186.58,0.01,14,stop,-0.3007999999999993,-0.3237398399999993,0.022939840000000003,0.010500000000001819,0.0,-0.49360000000000126,0.29519999999999985
241,ETHUSDT,long,1681671600000,1681675200000,2023-04-16T19:00:00+00:00,2023-04-16T20:00:00+00:00,2132.65,2097.24,2097.24,2232.9,0.01,1,stop,-0.3541000000000031,-0.37736439500000307,0.023264395,0.010700000000001637,0.0,-0.36289999999999967,0.13449999999999818
242,ETHUSDT,short,1681894800000,1682006400000,2023-04-19T09:00:00+00:00,2023-04-20T16:00:00+00:00,1985.62,1920.0,2008.84,1920.0,0.01,31,target,0.6561999999999989,0.6347190899999989,0.02148091,0.01,0.0,-0.2038000000000011,0.798699999999999
243,ETHUSDT,long,1682514000000,1682535600000,2023-04-26T13:00:00+00:00,2023-04-26T19:00:00+00:00,1960.96,1916.26,1916.26,2091.13,0.01,6,stop,-0.44700000000000045,-0.4683247100000005,0.021324710000000004,0.009800000000000182,0.0,-1.4486000000000012,0.021900000000000548
244,ETHUSDT,short,1682539200000,1682553600000,2023-04-26T20:00:00+00:00,2023-04-27T00:00:00+00:00,1826.47,1896.93,1896.93,1618.77,0.01,4,stop,-0.7046000000000003,-0.7250787000000003,0.020478700000000002,0.009200000000000728,0.0,-1.1293000000000006,0.4444000000000006
245,ETHUSDT,short,1682906400000,1683036000000,2023-05-01T02:00:00+00:00,2023-05-02T14:00:00+00:00,1833.97,1827.79,1878.7,1703.52,0.01,36,max_hold,0.06180000000000064,0.04166032000000064,0.02013968,0.009200000000000728,0.0,-0.3262999999999988,0.28690000000000054
246,ETHUSDT,long,1683039600000,1683151200000,2023-05-02T15:00:00+00:00,2023-05-03T22:00:00+00:00,1852.19,1903.48,1833.85,1903.48,0.01,31,target,0.5128999999999997,0.4922438149999997,0.020656185000000004,0.009300000000000638,0.0,-0.10480000000000018,0.6509999999999991
247,ETHUSDT,short,1683504000000,1683633600000,2023-05-08T00:00:00+00:00,2023-05-09T12:00:00+00:00,1868.57,1845.7,1911.71,1742.87,0.01,36,max_hold,0.2286999999999989,0.2082715149999989,0.020428485000000003,0.009400000000000545,0.0,-0.14600000000000138,0.5856999999999993
248,ETHUSDT,long,1683723600000,1683738000000,2023-05-10T13:00:00+00:00,2023-05-10T17:00:00+00:00,1877.16,1852.32,1852.32,1947.92,0.01,4,stop,-0.24840000000000145,-0.26891214000000147,0.020512140000000005,0.009400000000000545,0.0,-0.9142000000000008,0.09839999999999918
249,ETHUSDT,short,1683741600000,1683741600000,2023-05-10T18:00:00+00:00,2023-05-10T18:00:00+00:00,1828.23,1835.94,1835.94,1808.81,0.01,0,stop_entry_bar,-0.07710000000000036,-0.09725293500000037,0.020152935000000004,0.009200000000000728,0.0,-0.10769999999999982,0.057100000000000366
250,ETHUSDT,long,1684116000000,1684245600000,2023-05-15T02:00:00+00:00,2023-05-16T14:00:00+00:00,1823.84,1813.09,1791.1,1918.34,0.01,36,max_hold,-0.1075,-0.127503115,0.020003115000000002,0.009199999999998454,0.0,-0.2883999999999992,0.24160000000000081
251,ETHUSDT,short,1684432800000,1684443600000,2023-05-18T18:00:00+00:00,2023-05-18T21:00:00+00:00,1776.44,1801.94,1801.94,1703.5,0.01,3,stop,-0.255,-0.27468109,0.019681090000000005,0.008899999999998727,0.0,-0.4506999999999994,0.04440000000000054
252,ETHUSDT,long,1684605600000,1684609200000,2023-05-20T18:00:00+00:00,2023-05-20T19:00:00+00:00,1827.41,1814.4,1814.4,1862.73,0.01,1,stop,-0.1300999999999999,-0.15012995499999993,0.020029955000000002,0.009200000000000728,0.0,-0.14100000000000137,0.014700000000000274
253,ETHUSDT,short,1684900800000,1684976400000,2023-05-24T04:00:00+00:00,2023-05-25T01:00:00+00:00,1819.92,1767.16,1838.75,1767.16,0.01,21,target,0.5276,0.5078710599999999,0.01972894,0.009199999999998454,0.0,-0.07619999999999891,0.6192000000000007
254,ETHUSDT,long,1685235600000,1685311200000,2023-05-28T01:00:00+00:00,2023-05-28T22:00:00+00:00,1849.47,1907.49,1828.89,1907.49,0.01,21,target,0.5801999999999998,0.5595367199999999,0.02066328,0.009300000000000638,0.0,-0.13809999999999945,0.8052999999999998
255,ETHUSDT,long,1685314800000,1685332800000,2023-05-28T23:00:00+00:00,2023-05-29T04:00:00+00:00,1907.33,1893.47,1893.47,1945.12,0.01,5,stop,-0.138599999999999,-0.159504399999999,0.0209044,0.009600000000000363,0.0,-0.1409999999999991,0.2087000000000012
256,ETHUSDT,short,1685980800000,1686067200000,2023-06-05T16:00:00+00:00,2023-06-06T16:00:00+00:00,1818.09,1853.02,1853.02,1716.75,0.01,24,stop,-0.34930000000000067,-0.36949110500000065,0.020191105,0.00910000000000082,0.0,-0.5305000000000019,0.4308999999999992
257,ETHUSDT,short,1686373200000,1686502800000,2023-06-10T05:00:00+00:00,2023-06-11T17:00:00+00:00,1786.42,1751.75,1813.84,1707.72,0.01,36,max_hold,0.34670000000000073,0.32724006500000075,0.019459935,0.008999999999998636,0.0,-0.03389999999999873,0.7434000000000015
258,ETHUSDT,short,1686776400000,1686862800000,2023-06-14T21:00:00+00:00,2023-06-15T21:00:00+00:00,1636.39,1671.79,1671.79,1533.46,0.01,24,stop,-0.35399999999999865,-0.37219498999999867,0.01819499,0.008199999999999364,0.0,-0.436099999999999,0.10830000000000155
259,ETHUSDT,long,1686981600000,1686999600000,2023-06-17T06:00:00+00:00,2023-06-17T11:00:00+00:00,1759.87,1734.07,1734.07,1833.8,0.01,5,stop,-0.25799999999999956,-0.27721666999999955,0.019216669999999998,0.008799999999998817,0.0,-0.2723999999999978,0.01790000000000191
260,ETHUSDT,long,1687284000000,1687345200000,2023-06-20T18:00:00+00:00,2023-06-21T11:00:00+00:00,1769.13,1832.63,1746.78,1832.63,0.01,17,target,0.635,0.61519032,0.019809680000000003,0.008900000000001,0.0,-0.008900000000001,0.6531999999999993
261,ETHUSDT,long,1687536000000,1687554000000,2023-06-23T16:00:00+00:00,2023-06-23T21:00:00+00:00,1917.49,1884.11,1884.11,2013.8,0.01,5,stop,-0.3338000000000011,-0.3547088000000011,0.0209088,0.009600000000000363,0.0,-0.4249000000000001,0.2099000000000001
262,ETHUSDT,short,1687798800000,1687874400000,2023-06-26T17:00:00+00:00,2023-06-27T14:00:00+00:00,1850.79,1895.22,1895.22,1721.19,0.01,21,stop,-0.44430000000000064,-0.4649030550000006,0.020603055000000002,0.009300000000000638,0.0,-0.4521000000000004,0.14789999999999964
263,ETHUSDT,long,1687885200000,1687910400000,2023-06-27T17:00:00+00:00,2023-06-28T00:00:00+00:00,1909.61,1869.5,1869.5,2026.11,0.01,7,stop,-0.401099999999999,-0.42188510499999904,0.020785105,0.009599999999998091,0.0,-0.4659999999999991,0.03040000000000191
264,ETHUSDT,short,1688133600000,1688140800000,2023-06-30T14:00:00+00:00,2023-06-30T16:00:00+00:00,1853.49,1883.63,1883.63,1766.75,0.01,2,stop,-0.301400000000001,-0.321954160000001,0.020554160000000002,0.009300000000000638,0.0,-0.5150999999999999,0.12190000000000055
265,ETHUSDT,long,1688634000000,1688641200000,2023-07-06T09:00:00+00:00,2023-07-06T11:00:00+00:00,1949.74,1921.6,1921.6,2030.2,0.01,2,stop,-0.281400000000001,-0.302692370000001,0.02129237,0.009800000000000182,0.0,-0.3974000000000001,0.08200000000000046
266,ETHUSDT,long,1689015600000,1689069600000,2023-07-10T19:00:00+00:00,2023-07-11T10:00:00+00:00,1888.67,1863.96,1863.96,1958.95,0.01,15,stop,-0.24710000000000037,-0.2677394650000004,0.020639465000000003,0.009500000000000454,0.0,-0.2624000000000001,0.16289999999999963
267,ETHUSDT,long,1689264000000,1689267600000,2023-07-13T16:00:00+00:00,2023-07-13T17:00:00+00:00,1933.55,1990.81,1912.88,1990.81,0.01,1,target,0.5725999999999999,0.5510160199999998,0.021583980000000003,0.009700000000000273,0.0,-0.03269999999999982,0.7750999999999999
268,ETHUSDT,short,1689361200000,1689490800000,2023-07-14T19:00:00+00:00,2023-07-16T07:00:00+00:00,1914.04,1926.75,1960.92,1777.25,0.01,36,max_hold,-0.12710000000000038,-0.14822434500000037,0.021124345000000003,0.009600000000000363,0.0,-0.3185000000000014,0.17240000000000008
269,ETHUSDT,short,1689865200000,1689994800000,2023-07-20T15:00:00+00:00,2023-07-22T03:00:00+00:00,1887.76,1893.82,1909.58,1826.14,0.01,36,max_hold,-0.06059999999999945,-0.08139868999999945,0.02079869,0.009500000000000454,0.0,-0.18210000000000037,0.12160000000000082
270,ETHUSDT,long,1690135200000,1690146000000,2023-07-23T18:00:00+00:00,2023-07-23T21:00:00+00:00,1894.72,1879.7,1879.7,1935.99,0.01,3,stop,-0.15019999999999983,-0.17095930999999984,0.020759310000000003,0.009500000000000454,0.0,-0.20700000000000046,0.09849999999999909
271,ETHUSDT,short,1690192800000,1690275600000,2023-07-24T10:00:00+00:00,2023-07-25T09:00:00+00:00,1840.55,1860.25,1860.25,1785.1,0.01,23,stop,-0.19700000000000045,-0.21735440000000045,0.0203544,0.009300000000000638,0.0,-0.22640000000000102,0.07519999999999982
272,ETHUSDT,long,1690398000000,1690398000000,2023-07-26T19:00:00+00:00,2023-07-26T19:00:00+00:00,1871.61,1863.45,1863.45,1892.32,0.01,0,stop_entry_bar,-0.08159999999999855,-0.10214282999999855,0.02054283,0.009399999999998273,0.0,-0.1574000000000001,0.031000000000001363
273,ETHUSDT,long,1690729200000,1690729200000,2023-07-30T15:00:00+00:00,2023-07-30T15:00:00+00:00,1880.54,1875.84,1875.84,1890.89,0.01,0,stop_entry_bar,-0.04700000000000046,-0.06766009000000045,0.02066009,0.009400000000000545,0.0,-0.075,0.04460000000000036
274,ETHUSDT,short,1690747200000,1690761600000,2023-07-30T20:00:00+00:00,2023-07-31T00:00:00+00:00,1860.32,1873.24,1873.24,1825.33,0.01,4,stop,-0.12920000000000073,-0.14973458000000073,0.020534580000000004,0.009400000000000545,0.0,-0.16410000000000083,0.14759999999999993
275,ETHUSDT,short,1690858800000,1690905600000,2023-08-01T03:00:00+00:00,2023-08-01T16:00:00+00:00,1827.05,1837.95,1837.95,1798.09,0.01,13,stop,-0.10900000000000092,-0.12915750000000092,0.020157500000000002,0.009200000000000728,0.0,-0.14590000000000145,0.16210000000000035
276,ETHUSDT,long,1690934400000,1690984800000,2023-08-02T00:00:00+00:00,2023-08-02T14:00:00+00:00,1874.0,1845.33,1845.33,1956.22,0.01,14,stop,-0.28670000000000073,-0.30715631500000073,0.020456315000000003,0.009400000000000545,0.0,-0.34,0.052699999999999816
277,ETHUSDT,short,1691967600000,1691978400000,2023-08-13T23:00:00+00:00,2023-08-14T02:00:00+00:00,1837.44,1847.02,1847.02,1812.34,0.01,3,stop,-0.09579999999999927,-0.11606452999999928,0.020264530000000003,0.009199999999998454,0.0,-0.10029999999999972,0.03160000000000082
278,ETHUSDT,short,1692129600000,1692129600000,2023-08-15T20:00:00+00:00,2023-08-15T20:00:00+00:00,1825.94,1828.22,1828.22,1822.78,0.01,0,stop_entry_bar,-0.022799999999999727,-0.04289787999999972,0.02009788,0.009199999999998454,0.0,-0.055,0.019400000000000545
279,ETHUSDT,short,1692288000000,1692306000000,2023-08-17T16:00:00+00:00,2023-08-17T21:00:00+00:00,1737.45,1696.66,1752.21,1696.66,0.01,5,target,0.40789999999999965,0.3890123949999996,0.018887605000000002,0.008699999999998908,0.0,-0.10980000000000019,2.4478999999999997
280,ETHUSDT,short,1692727200000,1692770400000,2023-08-22T18:00:00+00:00,2023-08-23T06:00:00+00:00,1624.42,1644.34,1644.34,1567.99,0.01,12,stop,-0.19919999999999846,-0.21717817999999847,0.017978180000000003,0.008199999999999364,0.0,-0.3394999999999982,0.49420000000000075
281,ETHUSDT,long,1692810000000,1692885600000,2023-08-23T17:00:00+00:00,2023-08-24T14:00:00+00:00,1681.99,1652.34,1652.34,1767.58,0.01,21,stop,-0.29650000000000093,-0.31483881500000094,0.018338815,0.00849999999999909,0.0,-0.3888000000000011,0.21859999999999902
282,ETHUSDT,short,1692889200000,1692918000000,2023-08-24T15:00:00+00:00,2023-08-24T23:00:00+00:00,1644.24,1664.32,1664.32,1587.36,0.01,8,stop,-0.20079999999999928,-0.2189970799999993,0.01819708,0.008299999999999273,0.0,-0.211400000000001,0.12579999999999927
283,ETHUSDT,long,1693321200000,1693400400000,2023-08-29T15:00:00+00:00,2023-08-30T13:00:00+00:00,1721.99,1702.76,1702.76,1776.24,0.01,22,stop,-0.1923000000000002,-0.2111361250000002,0.018836125000000002,0.008700000000001182,0.0,-0.2499000000000001,0.2516000000000008
284,ETHUSDT,short,1693497600000,1693497600000,2023-08-31T16:00:00+00:00,2023-08-31T16:00:00+00:00,1687.26,1655.58,1698.94,1655.58,0.01,0,target_entry_bar,0.31680000000000064,0.29841438000000065,0.01838562,0.00849999999999909,0.0,-0.010699999999999363,0.3972000000000003
285,ETHUSDT,short,1694444400000,1694487600000,2023-09-11T15:00:00+00:00,2023-09-12T03:00:00+00:00,1557.48,1582.19,1582.19,1486.48,0.01,12,stop,-0.24710000000000037,-0.26436818500000037,0.017268185000000002,0.007799999999999727,0.0,-0.36889999999999873,0.2887000000000012
286,ETHUSDT,long,1694653200000,1694782800000,2023-09-14T01:00:00+00:00,2023-09-15T13:00:00+00:00,1636.02,1619.03,1601.46,1736.42,0.01,36,max_hold,-0.1699000000000001,-0.18780277500000012,0.017902775000000003,0.008199999999999364,0.0,-0.24660000000000082,0.08430000000000064
287,ETHUSDT,long,1694818800000,1694908800000,2023-09-15T23:00:00+00:00,2023-09-17T00:00:00+00:00,1649.78,1629.28,1629.28,1707.99,0.01,25,stop,-0.20500000000000002,-0.22303483000000002,0.01803483,0.008299999999999273,0.0,-0.2961999999999989,0.031900000000000546
288,ETHUSDT,short,1695294000000,1695423600000,2023-09-21T11:00:00+00:00,2023-09-22T23:00:00+00:00,1590.13,1594.06,1609.36,1535.59,0.01,36,max_hold,-0.039299999999998364,-0.05681304499999837,0.017513045,0.007999999999999546,0.0,-0.12149999999999864,0.2463000000000011
289,ETHUSDT,long,1695578400000,1695578400000,2023-09-24T18:00:00+00:00,2023-09-24T18:00:00+00:00,1598.35,1590.87,1590.87,1617.6,0.01,0,stop_entry_bar,-0.07480000000000019,-0.09234071000000019,0.01754071,0.007999999999999546,0.0,-0.21869999999999892,0.008600000000001273
290,ETHUSDT,short,1695582000000,1695582000000,2023-09-24T19:00:00+00:00,2023-09-24T19:00:00+00:00,1588.15,1582.55,1591.08,1582.55,0.01,0,target_entry_bar,0.05600000000000137,0.03856115000000136,0.017438850000000002,0.007999999999999546,0.0,-0.020399999999999637,0.0975
291,ETHUSDT,long,1695808800000,1695823200000,2023-09-27T10:00:00+00:00,2023-09-27T14:00:00+00:00,1612.44,1595.22,1595.22,1660.9,0.01,4,stop,-0.17220000000000027,-0.18984213000000028,0.017642130000000002,0.008099999999999455,0.0,-0.21340000000000145,0.21539999999999965
292,ETHUSDT,short,1695826800000,1695866400000,2023-09-27T15:00:00+00:00,2023-09-28T02:00:00+00:00,1593.21,1612.53,1612.53,1538.41,0.01,11,stop,-0.19319999999999937,-0.21083156999999936,0.01763157,0.007999999999999546,0.0,-0.21779999999999974,0.10569999999999936
293,ETHUSDT,long,1695974400000,1695996000000,2023-09-29T08:00:00+00:00,2023-09-29T14:00:00+00:00,1686.45,1656.53,1656.53,1772.78,0.01,6,stop,-0.29920000000000074,-0.3175863900000008,0.018386390000000002,0.008500000000001364,0.0,-0.3183000000000015,0.0
294,ETHUSDT,short,1696521600000,1696575600000,2023-10-05T16:00:00+00:00,2023-10-06T07:00:00+00:00,1616.59,1627.61,1627.61,1586.77,0.01,15,stop,-0.11019999999999983,-0.12804309999999983,0.0178431,0.008100000000001727,0.0,-0.15600000000000136,0.11459999999999809
295,ETHUSDT,short,1696597200000,1696597200000,2023-10-06T13:00:00+00:00,2023-10-06T13:00:00+00:00,1614.08,1622.68,1622.68,1591.25,0.01,0,stop_entry_bar,-0.08600000000000137,-0.10380218000000137,0.01780218,0.008100000000001727,0.0,-0.24029999999999974,0.03369999999999891
296,ETHUSDT,short,1696845600000,1696867200000,2023-10-09T10:00:00+00:00,2023-10-09T16:00:00+00:00,1590.77,1551.16,1605.05,1551.16,0.01,6,target,0.396099999999999,0.378819384999999,0.017280615000000003,0.007999999999999546,0.0,-0.07259999999999991,0.4647000000000003
297,ETHUSDT,short,1697104800000,1697108400000,2023-10-12T10:00:00+00:00,2023-10-12T11:00:00+00:00,1540.2,1553.93,1553.93,1502.13,0.01,1,stop,-0.13730000000000017,-0.1543177150000002,0.017017715000000003,0.007799999999999727,0.0,-0.14759999999999993,0.016400000000001
298,ETHUSDT,long,1697436000000,1697547600000,2023-10-16T06:00:00+00:00,2023-10-17T13:00:00+00:00,1585.33,1564.13,1564.13,1645.76,0.01,31,stop,-0.2119999999999982,-0.22932202999999818,0.017322030000000002,0.007999999999999546,0.0,-0.23329999999999929,0.5667000000000008
299,ETHUSDT,long,1697770800000,1697900400000,2023-10-20T03:00:00+00:00,2023-10-21T15:00:00+00:00,1585.6,1621.41,1562.56,1651.36,0.01,36,max_hold,0.35810000000000175,0.34046144500000175,0.017638555,0.007999999999999546,0.0,-0.07490000000000009,0.4441000000000008
300,ETHUSDT,long,1698015600000,1698098400000,2023-10-22T23:00:00+00:00,2023-10-23T22:00:00+00:00,1666.75,1747.77,1638.61,1747.77,0.01,23,target,0.8101999999999998,0.7914201399999998,0.01877986,0.008399999999999182,0.0,-0.105,1.2705999999999995
301,ETHUSDT,long,1698102000000,1698231600000,2023-10-23T23:00:00+00:00,2023-10-25T11:00:00+00:00,1787.07,1782.49,1732.7,1946.59,0.01,36,max_hold,-0.04579999999999927,-0.06543257999999927,0.019632580000000004,0.008999999999998636,0.0,-0.39869999999999894,0.6779999999999996
302,ETHUSDT,long,1698307200000,1698318000000,2023-10-26T08:00:00+00:00,2023-10-26T11:00:00+00:00,1851.5,1809.74,1809.74,1973.01,0.01,3,stop,-0.4175999999999999,-0.4377368199999999,0.02013682,0.009300000000000638,0.0,-0.48589999999999917,0.211400000000001
303,ETHUSDT,long,1698656400000,1698685200000,2023-10-30T09:00:00+00:00,2023-10-30T17:00:00+00:00,1820.5,1787.73,1787.73,1915.16,0.01,8,stop,-0.3276999999999998,-0.3475452649999998,0.019845265,0.00910000000000082,0.0,-0.4355999999999995,0.12150000000000091
304,ETHUSDT,long,1699156800000,1699218000000,2023-11-05T04:00:00+00:00,2023-11-05T21:00:00+00:00,1890.79,1863.11,1863.11,1970.08,0.01,17,stop,-0.27680000000000066,-0.29744645000000064,0.020646450000000004,0.009500000000000454,0.0,-0.3787999999999988,0.24170000000000072
305,ETHUSDT,long,1699542000000,1699567200000,2023-11-09T15:00:00+00:00,2023-11-09T22:00:00+00:00,1991.0,2096.23,1954.59,2096.23,0.01,7,target,1.0523000000000002,1.0298202350000003,0.022479765,0.01,0.0,-0.18,1.2861000000000014
306,ETHUSDT,short,1699988400000,1699992000000,2023-11-14T19:00:00+00:00,2023-11-14T20:00:00+00:00,1965.49,1989.63,1989.63,1896.98,0.01,1,stop,-0.241400000000001,-0.263153160000001,0.02175316,0.009900000000000091,0.0,-0.30339999999999917,0.08430000000000064
307,ETHUSDT,long,1700438400000,1700568000000,2023-11-20T00:00:00+00:00,2023-11-21T12:00:00+00:00,2013.46,2004.8,1978.61,2114.02,0.01,36,max_hold,-0.08660000000000082,-0.10870043000000082,0.022100430000000004,0.01009999999999991,0.0,-0.315,0.5534000000000014
308,ETHUSDT,long,1700820000000,1700852400000,2023-11-24T10:00:00+00:00,2023-11-24T19:00:00+00:00,2111.56,2079.74,2079.74,2202.73,0.01,9,stop,-0.31820000000000165,-0.34125215000000164,0.02305215,0.010599999999999455,0.0,-0.3252999999999975,0.23440000000000055
309,ETHUSDT,long,1701396000000,1701525600000,2023-12-01T02:00:00+00:00,2023-12-02T14:00:00+00:00,2089.04,2103.48,2052.61,2194.09,0.01,36,max_hold,0.14440000000000056,0.12134114000000056,0.02305886,0.010500000000001819,0.0,-0.18739999999999782,0.22460000000000035
310,ETHUSDT,long,1701543600000,1701651600000,2023-12-02T19:00:00+00:00,2023-12-04T01:00:00+00:00,2149.11,2226.33,2121.92,2226.33,0.01,30,target,0.772199999999998,0.748135079999998,0.024064920000000004,0.010799999999999272,0.0,-0.2111000000000013,0.8088999999999987
311,ETHUSDT,long,1701799200000,1701860400000,2023-12-05T18:00:00+00:00,2023-12-06T11:00:00+00:00,2294.16,2239.89,2239.89,2452.3,0.01,17,stop,-0.5426999999999998,-0.5676372749999998,0.024937275,0.011499999999996362,0.0,-0.613399999999997,0.20820000000000163
312,ETHUSDT,long,1701964800000,1702094400000,2023-12-07T16:00:00+00:00,2023-12-09T04:00:00+00:00,2323.99,2361.79,2276.83,2460.75,0.01,36,max_hold,0.37800000000000183,0.3522282100000018,0.02577179,0.01169999999999618,0.0,-0.06489999999999782,0.7345000000000027
313,ETHUSDT,short,1702998000000,1702998000000,2023-12-19T15:00:00+00:00,2023-12-19T15:00:00+00:00,2187.9,2206.51,2206.51,2136.48,0.01,0,stop_entry_bar,-0.18610000000000126,-0.21026925500000127,0.024169255,0.01099999999999909,0.0,-0.18889999999999874,0.07880000000000109
314,ETHUSDT,short,1703570400000,1703671200000,2023-12-26T06:00:00+00:00,2023-12-27T10:00:00+00:00,2234.97,2265.48,2265.48,2148.03,0.01,28,stop,-0.3051000000000022,-0.3298524750000022,0.024752475000000003,0.011200000000003455,0.0,-0.4763000000000011,0.5612999999999966
315,ETHUSDT,short,1703865600000,1703995200000,2023-12-29T16:00:00+00:00,2023-12-31T04:00:00+00:00,2327.67,2285.71,2378.93,2178.58,0.01,36,max_hold,0.41960000000000036,0.39422641000000036,0.02537359,0.011700000000000727,0.0,-0.07889999999999874,0.7295000000000027
316,ETHUSDT,long,1704157200000,1704229200000,2024-01-02T01:00:00+00:00,2024-01-02T21:00:00+00:00,2393.34,2347.34,2347.34,2526.55,0.01,20,stop,-0.46,-0.48607374000000003,0.026073740000000005,0.012000000000002729,0.0,-0.5834000000000015,0.41149999999999637
317,ETHUSDT,short,1704283200000,1704283200000,2024-01-03T12:00:00+00:00,2024-01-03T12:00:00+00:00,2308.3,2179.14,2353.43,2179.14,0.01,0,target_entry_bar,1.2916000000000032,1.2669190800000032,0.024680920000000002,0.011599999999998546,0.0,-0.020899999999996907,2.4114000000000035
318,ETHUSDT,long,1704837600000,1704898800000,2024-01-09T22:00:00+00:00,2024-01-10T15:00:00+00:00,2319.1,2447.67,2274.7,2447.67,0.01,17,target,1.2857000000000016,1.2594827650000016,0.026217235000000002,0.011599999999998546,0.0,-0.036500000000000914,1.4426999999999999
319,ETHUSDT,short,1705597200000,1705726800000,2024-01-18T17:00:00+00:00,2024-01-20T05:00:00+00:00,2487.54,2483.21,2527.86,2371.54,0.01,36,max_hold,0.04329999999999928,0.015960874999999274,0.027339125000000002,0.0125,0.0,-0.1761999999999989,0.7198999999999979
320,ETHUSDT,short,1706004000000,1706133600000,2024-01-23T10:00:00+00:00,2024-01-24T22:00:00+00:00,2214.76,2216.77,2283.87,2011.91,0.01,36,max_hold,-0.020099999999997637,-0.04447341499999764,0.024373415000000002,0.011099999999996725,0.0,-0.49679999999999835,0.4726000000000022
321,ETHUSDT,long,1706544000000,1706648400000,2024-01-29T16:00:00+00:00,2024-01-30T21:00:00+00:00,2276.13,2392.82,2235.71,2392.82,0.01,29,target,1.1669000000000005,1.1412207750000005,0.025679225000000007,0.011400000000003274,0.0,-0.11559999999999945,1.1671000000000005
322,ETHUSDT,long,1707750000000,1707775200000,2024-02-12T15:00:00+00:00,2024-02-12T22:00:00+00:00,2528.39,2656.87,2483.75,2656.87,0.01,7,target,1.2848000000000002,1.2562810700000002,0.02851893,0.012699999999999819,0.0,-0.08379999999999654,1.393499999999999
323,ETHUSDT,long,1707901200000,1708030800000,2024-02-14T09:00:00+00:00,2024-02-15T21:00:00+00:00,2710.29,2830.56,2651.96,2879.9,0.01,36,max_hold,1.2026999999999999,1.1722253249999999,0.030474675,0.013600000000001274,0.0,-0.019200000000000727,1.6069000000000007
324,ETHUSDT,short,1708178400000,1708203600000,2024-02-17T14:00:00+00:00,2024-02-17T21:00:00+00:00,2743.72,2787.47,2787.47,2617.98,0.01,7,stop,-0.4375,-0.467921545,0.030421545,0.013800000000001091,0.0,-0.6061000000000013,0.2536999999999989
325,ETHUSDT,long,1708437600000,1708437600000,2024-02-20T14:00:00+00:00,2024-02-20T14:00:00+00:00,3003.28,2924.42,2924.42,3233.83,0.01,0,stop_entry_bar,-0.7886000000000013,-0.8212023500000013,0.03260235,0.015100000000002183,0.0,-0.8436000000000012,0.06399999999999637
326,ETHUSDT,short,1709668800000,1709668800000,2024-03-05T20:00:00+00:00,2024-03-05T20:00:00+00:00,3375.84,3469.42,3469.42,3102.65,0.01,0,stop_entry_bar,-0.9357999999999993,-0.9734489299999993,0.037648930000000004,0.016900000000000547,0.0,-0.9455999999999994,0.49800000000000183
327,ETHUSDT,long,1710144000000,1710262800000,2024-03-11T08:00:00+00:00,2024-03-12T17:00:00+00:00,4015.38,3854.82,3854.82,4489.02,0.01,33,stop,-1.6055999999999995,-1.6488860999999995,0.04328610000000001,0.020100000000002182,0.0,-1.834300000000003,0.8326000000000022
328,ETHUSDT,short,1711699200000,1711828800000,2024-03-29T08:00:00+00:00,2024-03-30T20:00:00+00:00,3520.61,3511.44,3586.16,3331.03,0.01,36,max_hold,0.09170000000000073,0.053023725000000715,0.03867627500000001,0.01769999999999982,0.0,-0.49359999999999676,0.4561000000000013
329,ETHUSDT,long,1711864800000,1711947600000,2024-03-31T06:00:00+00:00,2024-04-01T05:00:00+00:00,3611.0,3544.72,3544.72,3802.76,0.01,23,stop,-0.662800000000002,-0.7021564600000021,0.03935646,0.018099999999999453,0.0,-1.11,0.5007999999999992
330,ETHUSDT,short,1711951200000,1712055600000,2024-04-01T06:00:00+00:00,2024-04-02T11:00:00+00:00,3510.04,3302.070000000001,3581.71,3302.07,0.01,29,target,2.079699999999998,2.042233394999998,0.03746660500000001,0.017600000000002183,0.0,-0.6426000000000022,2.3159000000000014
331,ETHUSDT,long,1712566800000,1712671200000,2024-04-08T09:00:00+00:00,2024-04-09T14:00:00+00:00,3603.03,3518.6,3518.6,3849.07,0.01,29,stop,-0.8443000000000029,-0.8834689650000029,0.03916896500000001,0.018100000000004002,0.0,-1.1212000000000035,1.3227999999999975
332,ETHUSDT,short,1712754000000,1712764800000,2024-04-10T13:00:00+00:00,2024-04-10T16:00:00+00:00,3440.15,3530.7,3530.7,3175.41,0.01,3,stop,-0.9054999999999973,-0.9438396749999973,0.038339675000000004,0.017300000000000183,0.0,-0.9561999999999989,0.22650000000000092
333,ETHUSDT,short,1712944800000,1712944800000,2024-04-12T18:00:00+00:00,2024-04-12T18:00:00+00:00,3325.22,3220.17,3362.46,3220.17,0.01,0,target_entry_bar,1.0504999999999973,1.0145003549999974,0.03599964500000001,0.016700000000000728,0.0,-0.18120000000000347,2.6317999999999984
334,ETHUSDT,short,1713038400000,1713038400000,2024-04-13T20:00:00+00:00,2024-04-13T20:00:00+00:00,3081.82,2957.72,3125.25,2957.72,0.01,0,target_entry_bar,1.2410000000000037,1.2077825300000036,0.03321747,0.015499999999997271,0.0,-0.10659999999999854,2.9021000000000003
335,ETHUSDT,short,1713492000000,1713506400000,2024-04-19T02:00:00+00:00,2024-04-19T06:00:00+00:00,2938.95,3044.7,3044.7,2627.65,0.01,4,stop,-1.0575,-1.090410075,0.032910075,0.014800000000000183,0.0,-1.7086000000000012,0.771899999999996
336,ETHUSDT,long,1713636000000,1713765600000,2024-04-20T18:00:00+00:00,2024-04-22T06:00:00+00:00,3154.66,3226.34,3089.48,3344.45,0.01,36,max_hold,0.7168000000000029,0.6817045000000028,0.0350955,0.015799999999999273,0.0,-0.40509999999999763,0.8034000000000014
337,ETHUSDT,long,1714240800000,1714359600000,2024-04-27T18:00:00+00:00,2024-04-29T03:00:00+00:00,3258.42,3190.2,3190.2,3456.56,0.01,33,stop,-0.6822000000000026,-0.7176674100000026,0.035467410000000005,0.01630000000000109,0.0,-0.9167000000000007,1.0726999999999998
338,ETHUSDT,short,1714467600000,1714597200000,2024-04-30T09:00:00+00:00,2024-05-01T21:00:00+00:00,3064.47,2939.4,3158.89,2787.32,0.01,36,max_hold,1.250699999999997,1.217678714999997,0.033021285000000004,0.015400000000004185,0.0,-0.085300000000002,2.5002999999999975
339,ETHUSDT,long,1714820400000,1714856400000,2024-05-04T11:00:00+00:00,2024-05-04T21:00:00+00:00,3166.15,3102.68,3102.68,3350.35,0.01,10,stop,-0.6347000000000026,-0.6691785650000026,0.034478565,0.015900000000001455,0.0,-0.6349000000000024,0.009600000000000363
340,ETHUSDT,short,1715353200000,1715482800000,2024-05-10T15:00:00+00:00,2024-05-12T03:00:00+00:00,2933.12,2918.68,2986.12,2780.05,0.01,36,max_hold,0.14440000000000056,0.11221510000000055,0.0321849,0.014700000000002546,0.0,-0.1348000000000002,0.5611999999999989
341,ETHUSDT,long,1715778000000,1715907600000,2024-05-15T13:00:00+00:00,2024-05-17T01:00:00+00:00,2947.61,2951.59,2894.27,3101.66,0.01,36,max_hold,0.03980000000000018,0.0073544000000001775,0.032445600000000005,0.014800000000000183,0.0,-0.2668000000000029,0.9233999999999969
342,ETHUSDT,long,1715932800000,1716062400000,2024-05-17T08:00:00+00:00,2024-05-18T20:00:00+00:00,3025.11,3118.4,2976.26,3165.55,0.01,36,max_hold,0.9328999999999996,0.8991106949999996,0.033789305000000006,0.015199999999999818,0.0,-0.08960000000000036,1.2125000000000001
343,ETHUSDT,long,1716235200000,1716289200000,2024-05-20T20:00:00+00:00,2024-05-21T11:00:00+00:00,3440.01,3806.409999999999,3315.58,3806.41,0.01,15,target,3.6639999999999966,3.6241446899999965,0.039855310000000005,0.017200000000002547,0.0,-0.198100000000004,3.9052
344,ETHUSDT,short,1717783200000,1717912800000,2024-06-07T18:00:00+00:00,2024-06-09T06:00:00+00:00,3723.45,3682.28,3799.98,3501.37,0.01,36,max_hold,0.4116999999999962,0.3709684849999962,0.040731515,0.018700000000003457,0.0,-0.08760000000000219,1.6842999999999984
345,ETHUSDT,long,1718197200000,1718215200000,2024-06-12T13:00:00+00:00,2024-06-12T18:00:00+00:00,3640.83,3557.68,3557.68,3882.97,0.01,5,stop,-0.8315000000000009,-0.8710918050000009,0.039591805,0.01819999999999709,0.0,-0.8781999999999971,0.16940000000000055
346,ETHUSDT,short,1718384400000,1718398800000,2024-06-14T17:00:00+00:00,2024-06-14T21:00:00+00:00,3400.46,3460.239999999999,3460.24,3227.96,0.01,4,stop,-0.5977999999999974,-0.6355338499999974,0.03773385,0.017100000000000365,0.0,-1.2853999999999997,0.39409999999999856
347,ETHUSDT,long,1718402400000,1718532000000,2024-06-14T22:00:00+00:00,2024-06-16T10:00:00+00:00,3504.8,3552.41,3428.7,3726.07,0.01,36,max_hold,0.47609999999999675,0.4372853449999967,0.038814655,0.017600000000002183,0.0,-0.42570000000000163,0.901899999999996
348,ETHUSDT,short,1719176400000,1719194400000,2024-06-23T21:00:00+00:00,2024-06-24T02:00:00+00:00,3432.42,3387.36,3449.72,3387.36,0.01,5,target,0.45059999999999945,0.41309120999999943,0.03750879,0.017199999999997998,0.0,-0.06610000000000127,0.49420000000000075
349,ETHUSDT,long,1719788400000,1719918000000,2024-06-30T23:00:00+00:00,2024-07-02T11:00:00+00:00,3450.65,3451.280000000001,3409.06,3568.49,0.01,36,max_hold,0.006300000000001091,-0.031660614999998914,0.037960615,0.017300000000000183,0.0,-0.30650000000000094,0.7350999999999976
350,ETHUSDT,short,1720058400000,1720144800000,2024-07-04T02:00:00+00:00,2024-07-05T02:00:00+00:00,3207.7,2930.51,3302.26,2930.51,0.01,24,target,2.771899999999996,2.738139844999996,0.033760155,0.016100000000001273,0.0,-0.37550000000000183,3.2589999999999963
351,ETHUSDT,short,1720148400000,1720278000000,2024-07-05T03:00:00+00:00,2024-07-06T15:00:00+00:00,2925.19,3010.69,3037.67,2593.64,0.01,36,max_hold,-0.855,-0.88764734,0.032647340000000004,0.014699999999998,0.0,-1.0421000000000005,1.2519000000000007
352,ETHUSDT,long,1720429200000,1720447200000,2024-07-08T09:00:00+00:00,2024-07-08T14:00:00+00:00,3057.79,2926.44,2926.44,3445.69,0.01,5,stop,-1.3134999999999992,-1.3464132649999991,0.032913265000000004,0.015299999999997455,0.0,-1.7117000000000007,0.40210000000000035
353,ETHUSDT,long,1720994400000,1721070000000,2024-07-14T22:00:00+00:00,2024-07-15T19:00:00+00:00,3254.82,3420.57,3197.41,3420.57,0.01,21,target,1.6575,1.620785355,0.036714645000000004,0.01630000000000109,0.0,-0.23789999999999964,1.7917999999999985
354,ETHUSDT,short,1721584800000,1721592000000,2024-07-21T18:00:00+00:00,2024-07-21T20:00:00+00:00,3465.44,3511.04,3511.04,3335.59,0.01,2,stop,-0.4559999999999991,-0.4943706399999991,0.03837064,0.017399999999997817,0.0,-0.5727999999999974,0.5730999999999995
355,ETHUSDT,short,1721872800000,1722002400000,2024-07-25T02:00:00+00:00,2024-07-26T14:00:00+00:00,3211.47,3248.150000000001,3302.03,2946.34,0.01,36,max_hold,-0.3668000000000029,-0.4023279100000029,0.03552791000000001,0.016100000000001273,0.0,-0.6348000000000001,1.2589999999999963
356,ETHUSDT,long,1722222000000,1722268800000,2024-07-29T03:00:00+00:00,2024-07-29T16:00:00+00:00,3331.45,3270.98,3270.98,3506.22,0.01,13,stop,-0.604699999999998,-0.6410133649999981,0.036313365,0.01669999999999618,0.0,-0.7488999999999988,0.6462000000000034
357,ETHUSDT,short,1722610800000,1722740400000,2024-08-02T15:00:00+00:00,2024-08-04T03:00:00+00:00,3034.92,2918.92,3136.24,2737.04,0.01,36,max_hold,1.16,1.1272538799999998,0.032746120000000004,0.015199999999999818,0.0,-0.12329999999999927,1.7992000000000008
358,ETHUSDT,short,1722794400000,1722794400000,2024-08-04T18:00:00+00:00,2024-08-04T18:00:00+00:00,2697.64,2729.26,2729.26,2608.22,0.01,0,stop_entry_bar,-0.3162000000000035,-0.3460479500000035,0.02984795,0.01349999999999909,0.0,-0.4116000000000031,0.1548000000000002
359,ETHUSDT,short,1722819600000,1722819600000,2024-08-05T01:00:00+00:00,2024-08-05T01:00:00+00:00,2524.77,2118.04,2662.04,2118.04,0.01,0,target_entry_bar,4.0673,4.041764545,0.025535455000000002,0.012699999999999819,0.0,-0.13960000000000036,4.1277
360,ETHUSDT,short,1723644000000,1723773600000,2024-08-14T14:00:00+00:00,2024-08-16T02:00:00+00:00,2656.7,2571.52,2747.81,2388.72,0.01,36,max_hold,0.8517999999999983,0.8230447899999983,0.028755210000000003,0.013300000000003821,0.0,-0.2790000000000009,1.4304999999999972
361,ETHUSDT,short,1724166000000,1724263200000,2024-08-20T15:00:00+00:00,2024-08-21T18:00:00+00:00,2582.75,2637.54,2637.54,2423.54,0.01,27,stop,-0.5478999999999996,-0.5766115949999996,0.028711595,0.013000000000001819,0.0,-0.6105000000000018,0.49239999999999784
362,ETHUSDT,long,1724518800000,1724533200000,2024-08-24T17:00:00+00:00,2024-08-24T21:00:00+00:00,2814.11,2767.71,2767.71,2947.71,0.01,4,stop,-0.4640000000000009,-0.4947000100000009,0.030700010000000003,0.014100000000003093,0.0,-0.8496000000000004,0.0
363,ETHUSDT,short,1724796000000,1724796000000,2024-08-27T22:00:00+00:00,2024-08-27T22:00:00+00:00,2487.99,2438.15,2506.26,2438.15,0.01,0,target_entry_bar,0.4983999999999969,0.4713062299999969,0.027093770000000003,0.0125,0.0,-0.01900000000000091,0.9998999999999978
364,ETHUSDT,short,1724958000000,1725087600000,2024-08-29T19:00:00+00:00,2024-08-31T07:00:00+00:00,2518.27,2521.85,2580.75,2335.92,0.01,36,max_hold,-0.03579999999999927,-0.06352065999999927,0.02772066,0.012600000000002182,0.0,-0.3405000000000018,0.8726999999999998
365,ETHUSDT,short,1725231600000,1725267600000,2024-09-01T23:00:00+00:00,2024-09-02T09:00:00+00:00,2403.88,2487.35,2487.35,2158.31,0.01,10,stop,-0.834699999999998,-0.861601764999998,0.026901765,0.012100000000000364,0.0,-1.1615999999999986,0.0665000000000009
366,ETHUSDT,short,1725372000000,1725411600000,2024-09-03T14:00:00+00:00,2024-09-04T01:00:00+00:00,2462.9,2326.43,2510.06,2326.43,0.01,11,target,1.3647000000000025,1.3383586850000024,0.026341315,0.012399999999997817,0.0,-0.075,1.580300000000002
367,ETHUSDT,long,1726243200000,1726372800000,2024-09-13T16:00:00+00:00,2024-09-15T04:00:00+00:00,2408.04,2419.28,2361.12,2543.96,0.01,36,max_hold,0.11240000000000237,0.08584974000000237,0.026550260000000003,0.012100000000000364,0.0,-0.342199999999998,0.5573000000000002
368,ETHUSDT,short,1726419600000,1726441200000,2024-09-15T17:00:00+00:00,2024-09-15T23:00:00+00:00,2385.51,2306.27,2413.54,2306.27,0.01,6,target,0.7924000000000024,0.7665952100000024,0.02580479,0.01199999999999818,0.0,-0.05909999999999854,1.0351000000000021
369,ETHUSDT,long,1726585200000,1726617600000,2024-09-17T15:00:00+00:00,2024-09-18T00:00:00+00:00,2346.48,2309.6,2309.6,2452.37,0.01,9,stop,-0.36880000000000107,-0.3944084400000011,0.025608440000000003,0.011799999999998364,0.0,-0.3832999999999993,0.46139999999999876
370,ETHUSDT,long,1726804800000,1726934400000,2024-09-20T04:00:00+00:00,2024-09-21T16:00:00+00:00,2521.16,2558.53,2448.11,2735.26,0.01,36,max_hold,0.3737000000000035,0.34576170500000347,0.027938295000000002,0.012599999999997636,0.0,-0.058499999999999094,0.6575
371,ETHUSDT,long,1726963200000,1726981200000,2024-09-22T00:00:00+00:00,2024-09-22T05:00:00+00:00,2612.71,2579.63,2579.63,2706.72,0.01,5,stop,-0.33079999999999926,-0.35935786999999925,0.028557870000000006,0.013099999999999454,0.0,-0.3463000000000011,0.20590000000000147
372,ETHUSDT,long,1728057600000,1728187200000,2024-10-04T16:00:00+00:00,2024-10-06T04:00:00+00:00,2417.21,2412.78,2360.74,2581.75,0.01,36,max_hold,-0.04429999999999836,-0.07086494499999836,0.026564945000000003,0.012100000000000364,0.0,-0.2855000000000018,0.22789999999999963
373,ETHUSDT,long,1728226800000,1728248400000,2024-10-06T15:00:00+00:00,2024-10-06T21:00:00+00:00,2452.97,2425.97,2425.97,2529.04,0.01,6,stop,-0.27,-0.29683417,0.02683417,0.012300000000000182,0.0,-0.39169999999999616,0.012900000000004184
374,ETHUSDT,long,1728262800000,1728324000000,2024-10-07T01:00:00+00:00,2024-10-07T18:00:00+00:00,2489.24,2436.31,2436.31,2643.04,0.01,17,stop,-0.5292999999999983,-0.5563905249999983,0.027090524999999997,0.0125,0.0,-0.7121999999999981,0.3101000000000022
375,ETHUSDT,short,1728507600000,1728576000000,2024-10-09T21:00:00+00:00,2024-10-10T16:00:00+00:00,2353.82,2415.07,2415.07,2174.84,0.01,19,stop,-0.6125,-0.6387288950000001,0.026228895000000002,0.011799999999998364,0.0,-0.6767999999999984,0.038200000000001635
376,ETHUSDT,long,1728878400000,1729000800000,2024-10-14T04:00:00+00:00,2024-10-15T14:00:00+00:00,2521.31,2684.95,2465.09,2684.95,0.01,34,target,1.6363999999999987,1.6077655699999986,0.028634430000000002,0.012699999999999819,0.0,-0.12029999999999745,1.6745000000000028
377,ETHUSDT,short,1729004400000,1729134000000,2024-10-15T15:00:00+00:00,2024-10-17T03:00:00+00:00,2565.79,2623.91,2651.69,2313.26,0.01,36,max_hold,-0.5811999999999989,-0.6097433499999989,0.028543350000000002,0.012899999999999636,0.0,-0.8172000000000026,0.2915000000000009
378,ETHUSDT,long,1729436400000,1729515600000,2024-10-20T15:00:00+00:00,2024-10-21T13:00:00+00:00,2711.36,2682.17,2682.17,2793.5,0.01,22,stop,-0.29190000000000055,-0.32156441500000055,0.029664415000000003,0.013600000000001274,0.0,-0.4836000000000013,0.5863999999999987
379,ETHUSDT,short,1729702800000,1729731600000,2024-10-23T17:00:00+00:00,2024-10-24T01:00:00+00:00,2490.24,2550.57,2550.57,2314.26,0.01,8,stop,-0.6033000000000038,-0.6310244550000038,0.027724455000000002,0.0125,0.0,-0.7080000000000019,0.47229999999999567
380,ETHUSDT,short,1730476800000,1730606400000,2024-11-01T16:00:00+00:00,2024-11-03T04:00:00+00:00,2498.77,2448.97,2550.39,2348.94,0.01,36,max_hold,0.49800000000000183,0.47078743000000184,0.027212570000000002,0.012600000000002182,0.0,-0.402199999999998,0.7813999999999988
381,ETHUSDT,short,1730757600000,1730779200000,2024-11-04T22:00:00+00:00,2024-11-05T04:00:00+00:00,2369.1,2426.55,2426.55,2201.51,0.01,6,stop,-0.5745000000000028,-0.6008760750000028,0.026376075000000002,0.011900000000000546,0.0,-0.6440000000000009,0.04190000000000055
382,ETHUSDT,long,1730862000000,1730991600000,2024-11-06T03:00:00+00:00,2024-11-07T15:00:00+00:00,2569.06,2793.06,2461.92,2885.29,0.01,36,max_hold,2.24,2.21050834,0.029491660000000003,0.012899999999999636,0.0,-0.085,3.1350000000000002
383,ETHUSDT,long,1731758400000,1731805200000,2024-11-16T12:00:00+00:00,2024-11-17T01:00:00+00:00,3198.98,3107.52,3107.52,3466.95,0.01,13,stop,-0.9146000000000004,-0.9492857500000004,0.03468575,0.01599999999999909,0.0,-1.249699999999998,0.23710000000000037
384,ETHUSDT,long,1732194000000,1732323600000,2024-11-21T13:00:00+00:00,2024-11-23T01:00:00+00:00,3289.7,3343.77,3194.66,3568.22,0.01,36,max_hold,0.5407000000000016,0.5042159150000016,0.036484085,0.01649999999999636,0.0,-0.5051999999999999,1.4028999999999996
385,ETHUSDT,short,1733760000000,1733889600000,2024-12-09T16:00:00+00:00,2024-12-11T04:00:00+00:00,3824.51,3665.29,3947.21,3464.06,0.01,36,max_hold,1.5922000000000025,1.5510061000000026,0.041193900000000006,0.019199999999996182,0.0,-0.4484999999999991,3.495100000000002
386,ETHUSDT,long,1734307200000,1734436800000,2024-12-16T00:00:00+00:00,2024-12-17T12:00:00+00:00,3960.48,3996.01,3882.12,4187.65,0.01,36,max_hold,0.355300000000002,0.311539305000002,0.043760695,0.019800000000000182,0.0,-0.7826000000000022,1.4950999999999977
387,ETHUSDT,short,1734552000000,1734627600000,2024-12-18T20:00:00+00:00,2024-12-19T17:00:00+00:00,3766.88,3403.55,3890.58,3403.55,0.01,21,target,3.6332999999999993,3.5938626349999994,0.039437365,0.018899999999998727,0.0,-0.17920000000000072,3.8638000000000012
388,ETHUSDT,short,1734631200000,1734638400000,2024-12-19T18:00:00+00:00,2024-12-19T20:00:00+00:00,3476.93,3328.67,3528.21,3328.67,0.01,2,target,1.4825999999999977,1.4451691999999976,0.03743080000000001,0.017400000000002365,0.0,-0.5095000000000027,1.5473000000000001
389,ETHUSDT,short,1734879600000,1734984000000,2024-12-22T15:00:00+00:00,2024-12-23T20:00:00+00:00,3274.85,3394.46,3394.46,2922.62,0.01,29,stop,-1.1961000000000013,-1.2327812050000013,0.036681205,0.016399999999998728,0.0,-1.4077,0.6003999999999996
390,ETHUSDT,short,1735567200000,1735588800000,2024-12-30T14:00:00+00:00,2024-12-30T20:00:00+00:00,3334.32,3418.55,3418.55,3088.2,0.01,6,stop,-0.8423000000000002,-0.8794407850000001,0.03714078500000001,0.01669999999999618,0.0,-0.8501999999999998,0.3212000000000035
391,ETHUSDT,short,1736262000000,1736262000000,2025-01-07T15:00:00+00:00,2025-01-07T15:00:00+00:00,3566.22,3514.14,3585.89,3514.14,0.01,0,target_entry_bar,0.5207999999999993,0.4818580199999993,0.03894198,0.017900000000004183,0.0,-0.15080000000000382,1.572199999999998
392,ETHUSDT,short,1736517600000,1736517600000,2025-01-10T14:00:00+00:00,2025-01-10T14:00:00+00:00,3241.51,3246.49,3246.49,3233.12,0.01,0,stop_entry_bar,-0.04979999999999563,-0.08548399999999565,0.03568400000000001,0.016299999999996543,0.0,-0.36969999999999803,0.07440000000000055
393,ETHUSDT,long,1736949600000,1737079200000,2025-01-15T14:00:00+00:00,2025-01-17T02:00:00+00:00,3298.66,3384.71,3203.21,3578.4,0.01,36,max_hold,0.8605000000000018,0.8237414650000018,0.036758534999999995,0.01649999999999636,0.0,-0.3559999999999991,1.7427
394,ETHUSDT,long,1737147600000,1737169200000,2025-01-17T21:00:00+00:00,2025-01-18T03:00:00+00:00,3515.69,3417.15,3417.15,3804.31,0.01,6,stop,-0.9853999999999996,-1.0235306199999996,0.038130620000000004,0.017600000000002183,0.0,-1.4934999999999992,0.09159999999999854
395,ETHUSDT,short,1737936000000,1737961200000,2025-01-27T00:00:00+00:00,2025-01-27T07:00:00+00:00,3228.88,3058.41,3287.86,3058.41,0.01,7,target,1.7047000000000025,1.6701199050000026,0.034580095000000005,0.01619999999999891,0.0,-0.24309999999999946,2.0871000000000004
396,ETHUSDT,short,1738548000000,1738594800000,2025-02-03T02:00:00+00:00,2025-02-03T15:00:00+00:00,2494.75,2691.49,2691.49,1909.53,0.01,13,stop,-1.9673999999999978,-1.9959243199999979,0.028524320000000002,0.0125,0.0,-2.310500000000002,4.1456
397,ETHUSDT,short,1739138400000,1739138400000,2025-02-09T22:00:00+00:00,2025-02-09T22:00:00+00:00,2549.47,2608.49,2608.49,2377.54,0.01,0,stop_entry_bar,-0.5901999999999998,-0.6185687799999998,0.02836878,0.012800000000002,0.0,-0.9686000000000013,0.244699999999998
398,ETHUSDT,short,1740153600000,1740236400000,2025-02-21T16:00:00+00:00,2025-02-22T15:00:00+00:00,2720.88,2776.1,2776.1,2560.69,0.01,23,stop,-0.552199999999998,-0.582433389999998,0.030233390000000002,0.01369999999999891,0.0,-0.6411999999999989,1.061199999999999
399,ETHUSDT,short,1740438000000,1740567600000,2025-02-24T23:00:00+00:00,2025-02-26T11:00:00+00:00,2505.4,2492.47,2601.62,2221.82,0.01,36,max_hold,0.1293000000000029,0.10181171500000291,0.027488285,0.012599999999997636,0.0,-0.4092999999999984,2.1827
400,ETHUSDT,short,1740708000000,1740837600000,2025-02-28T02:00:00+00:00,2025-03-01T14:00:00+00:00,2191.62,2151.72,2307.14,1848.93,0.01,36,max_hold,0.3990000000000009,0.3751116300000009,0.02388837,0.01099999999999909,0.0,-0.8813000000000011,1.2161999999999988
401,ETHUSDT,long,1740934800000,1740981600000,2025-03-02T17:00:00+00:00,2025-03-03T06:00:00+00:00,2442.91,2364.78,2364.78,2672.37,0.01,13,stop,-0.7812999999999966,-0.8077422949999966,0.026442295000000005,0.012300000000000182,0.0,-0.8419999999999982,1.0709000000000015
402,ETHUSDT,short,1741014000000,1741143600000,2025-03-03T15:00:00+00:00,2025-03-05T03:00:00+00:00,2272.36,2178.0,2387.75,1930.5,0.01,36,max_hold,0.9436000000000013,0.9191230200000013,0.024476980000000002,0.011399999999998727,0.0,-0.36759999999999765,2.923700000000001
403,ETHUSDT,short,1741309200000,1741352400000,2025-03-07T01:00:00+00:00,2025-03-07T13:00:00+00:00,2115.32,2221.76,2221.76,1800.25,0.01,12,stop,-1.0644000000000005,-1.0882539400000004,0.023853940000000004,0.010599999999999455,0.0,-1.1367999999999985,0.08059999999999945
404,ETHUSDT,short,1742126400000,1742140800000,2025-03-16T12:00:00+00:00,2025-03-16T16:00:00+00:00,1871.67,1903.0,1903.0,1781.43,0.01,4,stop,-0.3132999999999993,-0.3340606849999993,0.020760685,0.009399999999998273,0.0,-0.5223000000000002,0.0
405,ETHUSDT,long,1742382000000,1742396400000,2025-03-19T11:00:00+00:00,2025-03-19T15:00:00+00:00,1973.88,2049.52,1947.33,2049.52,0.01,4,target,0.7563999999999987,0.7342712999999987,0.0221287,0.009900000000000091,0.0,-0.011800000000000636,0.8259999999999991
406,ETHUSDT,short,1742997600000,1743127200000,2025-03-26T14:00:00+00:00,2025-03-28T02:00:00+00:00,2026.08,2008.23,2071.09,1895.17,0.01,36,max_hold,0.1784999999999991,0.1563112949999991,0.022188705000000003,0.010199999999999819,0.0,-0.10800000000000182,0.45669999999999844
407,ETHUSDT,short,1743138000000,1743159600000,2025-03-28T05:00:00+00:00,2025-03-28T11:00:00+00:00,1935.34,1859.12,1962.04,1859.12,0.01,6,target,0.7622000000000003,0.7413304700000003,0.02086953,0.009700000000000273,0.0,-0.009700000000000273,0.8113999999999988
408,ETHUSDT,short,1743948000000,1743951600000,2025-04-06T14:00:00+00:00,2025-04-06T15:00:00+00:00,1746.68,1772.36,1772.36,1673.19,0.01,1,stop,-0.25679999999999836,-0.27615471999999835,0.019354720000000006,0.008799999999998817,0.0,-0.2626999999999998,0.028700000000001183
409,ETHUSDT,short,1743962400000,1743980400000,2025-04-06T18:00:00+00:00,2025-04-06T23:00:00+00:00,1683.15,1545.39,1730.2,1545.39,0.01,5,target,1.3776,1.35984303,0.017756970000000004,0.00849999999999909,0.0,-0.010699999999999363,1.4788000000000012
410,ETHUSDT,long,1744221600000,1744297200000,2025-04-09T18:00:00+00:00,2025-04-10T15:00:00+00:00,1632.72,1525.25,1525.25,1951.52,0.01,21,stop,-1.0747000000000002,-1.0920688350000003,0.017368835,0.008199999999999364,0.0,-1.501600000000001,0.5527999999999997
411,ETHUSDT,short,1744300800000,1744358400000,2025-04-10T16:00:00+00:00,2025-04-11T08:00:00+00:00,1494.24,1568.93,1568.93,1273.22,0.01,16,stop,-0.7469000000000006,-0.7637474350000005,0.016847435,0.0075,0.0,-0.7807999999999993,0.2340000000000009
412,ETHUSDT,long,1745359200000,1745488800000,2025-04-22T22:00:00+00:00,2025-04-24T10:00:00+00:00,1754.53,1742.7,1700.12,1914.23,0.01,36,max_hold,-0.11829999999999928,-0.13753476499999928,0.019234765,0.008799999999998817,0.0,-0.33309999999999945,0.8347000000000003
413,ETHUSDT,short,1746018000000,1746064800000,2025-04-30T13:00:00+00:00,2025-05-01T02:00:00+00:00,1773.39,1812.08,1812.08,1660.88,0.01,13,stop,-0.3868999999999983,-0.4066200849999983,0.019720085000000002,0.008899999999998727,0.0,-0.44789999999999963,0.42790000000000195
414,ETHUSDT,long,1746097200000,1746172800000,2025-05-01T11:00:00+00:00,2025-05-02T08:00:00+00:00,1847.93,1814.87,1814.87,1943.38,0.01,21,stop,-0.3306000000000017,-0.3507454000000017,0.0201454,0.009300000000000638,0.0,-0.3593000000000006,0.24779999999999974
415,ETHUSDT,long,1746676800000,1746730800000,2025-05-08T04:00:00+00:00,2025-05-08T19:00:00+00:00,1901.47,2084.88,1839.04,2084.88,0.01,15,target,1.834100000000001,1.812175075000001,0.021924925,0.009600000000000363,0.0,-0.10110000000000127,2.3874
416,ETHUSDT,long,1746777600000,1746907200000,2025-05-09T08:00:00+00:00,2025-05-10T20:00:00+00:00,2364.9,2498.35,2239.53,2736.64,0.01,36,max_hold,1.3344999999999982,1.3077521249999982,0.026747875000000004,0.011900000000000546,0.0,-0.949000000000001,1.4709999999999992
417,ETHUSDT,short,1747591200000,1747598400000,2025-05-18T18:00:00+00:00,2025-05-18T20:00:00+00:00,2487.34,2333.1,2540.42,2333.1,0.01,2,target,1.5424000000000024,1.5158875800000025,0.026512420000000002,0.0125,0.0,-0.07659999999999854,1.7472000000000025
418,ETHUSDT,short,1747850400000,1747868400000,2025-05-21T18:00:00+00:00,2025-05-21T23:00:00+00:00,2470.25,2585.12,2585.12,2130.65,0.01,5,stop,-1.148699999999999,-1.176504534999999,0.027804535000000002,0.012399999999997817,0.0,-1.282800000000002,0.12710000000000038
419,ETHUSDT,short,1748001600000,1748131200000,2025-05-23T12:00:00+00:00,2025-05-25T00:00:00+00:00,2564.03,2529.27,2670.17,2250.79,0.01,36,max_hold,0.3476000000000022,0.3195868500000022,0.028013150000000004,0.012899999999999636,0.0,-0.27159999999999856,0.9067000000000007
420,ETHUSDT,short,1749157200000,1749214800000,2025-06-05T21:00:00+00:00,2025-06-06T13:00:00+00:00,2396.33,2511.81,2511.81,2054.68,0.01,16,stop,-1.1548000000000003,-1.1817947700000002,0.02699477,0.012000000000002729,0.0,-1.2255999999999996,0.16710000000000036
421,ETHUSDT,long,1749556800000,1749567600000,2025-06-10T12:00:00+00:00,2025-06-10T15:00:00+00:00,2774.38,2705.77,2705.77,2974.65,0.01,3,stop,-0.6861000000000013,-0.7162408250000013,0.030140825000000003,0.013900000000003274,0.0,-0.8584999999999992,0.04119999999999891
422,ETHUSDT,short,1749776400000,1749906000000,2025-06-13T01:00:00+00:00,2025-06-14T13:00:00+00:00,2527.12,2535.34,2629.9,2223.84,0.01,36,max_hold,-0.08220000000000255,-0.11004353000000255,0.027843530000000002,0.012699999999999819,0.0,-0.5788000000000011,0.9331999999999971
423,ETHUSDT,short,1750114800000,1750125600000,2025-06-16T23:00:00+00:00,2025-06-17T02:00:00+00:00,2567.36,2605.4,2605.4,2458.39,0.01,3,stop,-0.3803999999999996,-0.4088501799999996,0.028450180000000005,0.012899999999999636,0.0,-0.4873000000000002,0.43360000000000126
424,ETHUSDT,short,1750431600000,1750539600000,2025-06-20T15:00:00+00:00,2025-06-21T21:00:00+00:00,2487.49,2323.87,2543.7,2323.87,0.01,30,target,1.636199999999999,1.609737519999999,0.026462479999999997,0.0125,0.0,-0.2051000000000022,2.5748999999999977
425,ETHUSDT,short,1750543200000,1750622400000,2025-06-21T22:00:00+00:00,2025-06-22T20:00:00+00:00,2279.2,2148.24,2324.39,2148.24,0.01,22,target,1.3096000000000003,1.2852490800000003,0.024350919999999998,0.01150000000000091,0.0,-0.3623000000000002,1.6819999999999982
426,ETHUSDT,long,1751238000000,1751263200000,2025-06-29T23:00:00+00:00,2025-06-30T06:00:00+00:00,2502.26,2456.13,2456.13,2635.6,0.01,7,stop,-0.4613000000000011,-0.4885711450000011,0.027271145000000004,0.012600000000002182,0.0,-0.48320000000000163,0.22149999999999637
427,ETHUSDT,long,1751475600000,1751605200000,2025-07-02T17:00:00+00:00,2025-07-04T05:00:00+00:00,2561.06,2569.55,2500.71,2736.99,0.01,36,max_hold,0.08490000000000236,0.05668164500000236,0.028218355000000004,0.012799999999997454,0.0,-0.09559999999999946,0.7394000000000006
428,ETHUSDT,long,1751810400000,1751824800000,2025-07-06T14:00:00+00:00,2025-07-06T18:00:00+00:00,2558.67,2532.43,2532.43,2632.27,0.01,4,stop,-0.26240000000000235,-0.2904010500000024,0.02800105,0.012800000000002,0.0,-0.3598000000000002,0.08110000000000127
429,ETHUSDT,long,1751839200000,1751889600000,2025-07-06T22:00:00+00:00,2025-07-07T12:00:00+00:00,2588.15,2547.57,2547.57,2704.64,0.01,14,stop,-0.4057999999999993,-0.4340464599999993,0.028246460000000008,0.013000000000001819,0.0,-0.45619999999999894,0.1659999999999991
430,ETHUSDT,long,1752087600000,1752181200000,2025-07-09T19:00:00+00:00,2025-07-10T21:00:00+00:00,2718.25,2924.19,2647.79,2924.19,0.01,26,target,2.0594000000000006,2.0283665800000006,0.031033420000000003,0.013600000000001274,0.0,-0.029400000000000547,2.9219000000000004
431,ETHUSDT,long,1752184800000,1752314400000,2025-07-10T22:00:00+00:00,2025-07-12T10:00:00+00:00,2973.19,2972.55,2904.92,3172.04,0.01,36,max_hold,-0.006399999999998727,-0.039101569999998725,0.03270157,0.014900000000002364,0.0,-0.5947000000000026,0.6775999999999976
432,ETHUSDT,long,1754564400000,1754679600000,2025-08-07T11:00:00+00:00,2025-08-08T19:00:00+00:00,3821.24,4064.74,3737.53,4064.74,0.01,32,target,2.435,2.39162711,0.04337289,0.019099999999998545,0.0,-0.4409999999999991,2.447600000000002
433,ETHUSDT,long,1754719200000,1754848800000,2025-08-09T06:00:00+00:00,2025-08-10T18:00:00+00:00,4182.84,4222.91,4102.68,4414.92,0.01,36,max_hold,0.4006999999999971,0.3544683749999971,0.046231625000000005,0.021000000000003637,0.0,-0.41670000000000074,1.4914999999999965
434,ETHUSDT,long,1755003600000,1755108000000,2025-08-12T13:00:00+00:00,2025-08-13T18:00:00+00:00,4407.13,4749.13,4290.18,4749.13,0.01,29,target,3.42,3.36964057,0.050359430000000004,0.022100000000000366,0.0,-0.5661999999999989,3.4540999999999986
435,ETHUSDT,short,1755176400000,1755180000000,2025-08-14T13:00:00+00:00,2025-08-14T14:00:00+00:00,4566.19,4688.14,4688.14,4209.54,0.01,1,stop,-1.2195000000000074,-1.2703988150000074,0.050898815,0.022899999999999636,0.0,-1.3708000000000085,1.1118999999999961
436,ETHUSDT,long,1755874800000,1756004400000,2025-08-22T15:00:00+00:00,2025-08-24T03:00:00+00:00,4614.1,4774.67,4444.33,5114.22,0.01,36,max_hold,1.605699999999997,1.554061764999997,0.051638235000000005,0.023100000000004003,0.0,-0.029700000000002547,2.7438999999999942
437,ETHUSDT,long,1756058400000,1756062000000,2025-08-24T18:00:00+00:00,2025-08-24T19:00:00+00:00,4905.74,4823.66,4823.66,5142.09,0.01,1,stop,-0.8207999999999993,-0.8743116999999994,0.05351170000000001,0.024600000000000365,0.0,-1.6501999999999952,0.5193000000000029
438,ETHUSDT,short,1756152000000,1756249200000,2025-08-25T20:00:00+00:00,2025-08-26T23:00:00+00:00,4416.56,4618.55,4618.55,3819.35,0.01,27,stop,-2.019899999999998,-2.069593104999998,0.04969310500000001,0.022100000000000366,0.0,-2.1635999999999966,1.065600000000004
439,ETHUSDT,long,1756602000000,1756681200000,2025-08-31T01:00:00+00:00,2025-08-31T23:00:00+00:00,4467.63,4378.55,4378.55,4725.84,0.01,22,stop,-0.8907999999999993,-0.9394539899999993,0.04865399000000001,0.022399999999997817,0.0,-0.9297000000000025,0.3036999999999989
440,ETHUSDT,long,1757059200000,1757080800000,2025-09-05T08:00:00+00:00,2025-09-05T14:00:00+00:00,4417.21,4322.74,4322.74,4691.79,0.01,6,stop,-0.9447000000000025,-0.9927697250000025,0.048069725,0.022100000000000366,0.0,-1.5610999999999968,0.7723999999999979
441,ETHUSDT,short,1757084400000,1757214000000,2025-09-05T15:00:00+00:00,2025-09-07T03:00:00+00:00,4268.85,4297.66,4409.92,3854.25,0.01,36,max_hold,-0.2880999999999949,-0.3352158049999949,0.047115805000000004,0.02139999999999418,0.0,-0.7202999999999975,0.48850000000000365
442,ETHUSDT,short,1757926800000,1758056400000,2025-09-15T09:00:00+00:00,2025-09-16T21:00:00+00:00,4506.01,4496.17,4614.47,4189.69,0.01,36,max_hold,0.09840000000000146,0.04888801000000145,0.049511990000000006,0.022600000000002184,0.0,-0.3413000000000011,0.85
443,ETHUSDT,short,1758502800000,1758520800000,2025-09-22T01:00:00+00:00,2025-09-22T06:00:00+00:00,4331.27,4131.89,4400.64,4131.89,0.01,5,target,1.9938000000000011,1.947252620000001,0.04654738000000001,0.021699999999991632,0.0,-0.18289999999999965,3.303900000000003
444,ETHUSDT,long,1759100400000,1759230000000,2025-09-28T23:00:00+00:00,2025-09-30T11:00:00+00:00,4132.54,4156.17,4056.18,4353.35,0.01,36,max_hold,0.2363000000000011,0.19071209500000108,0.045587905000000005,0.02069999999999709,0.0,-0.5253999999999996,1.1432999999999993
445,ETHUSDT,long,1759309200000,1759438800000,2025-10-01T09:00:00+00:00,2025-10-02T21:00:00+00:00,4292.14,4489.0,4194.99,4575.0,0.01,36,max_hold,1.9685999999999968,1.9203037299999968,0.04829627000000001,0.021500000000005456,0.0,-0.15910000000000765,2.245099999999993
446,ETHUSDT,long,1759633200000,1759762800000,2025-10-05T03:00:00+00:00,2025-10-06T15:00:00+00:00,4549.78,4637.14,4469.18,4782.49,0.01,36,max_hold,0.8736000000000058,0.8230719400000058,0.05052806,0.022799999999997454,0.0,-0.7903999999999997,1.4313000000000011
447,ETHUSDT,short,1759849200000,1759978800000,2025-10-07T15:00:00+00:00,2025-10-09T03:00:00+00:00,4589.39,4410.76,4715.91,4218.99,0.01,36,max_hold,1.786300000000001,1.7367991750000011,0.04950082500000001,0.022999999999992724,0.0,-0.1525999999999931,1.8939000000000032
448,ETHUSDT,short,1760000400000,1760122800000,2025-10-09T09:00:00+00:00,2025-10-10T19:00:00+00:00,4324.09,4007.82,4432.41,4007.82,0.01,34,target,3.1627,3.1168744950000002,0.045825505,0.02170000000000073,0.0,-0.8736999999999989,3.7632000000000017
449,ETHUSDT,long,1760281200000,1760410800000,2025-10-12T15:00:00+00:00,2025-10-14T03:00:00+00:00,3975.34,4170.41,3866.17,4295.24,0.01,36,max_hold,1.9506999999999972,1.9058983749999971,0.044801625,0.019900000000002364,0.0,-0.12100000000000365,3.1768999999999963
450,ETHUSDT,long,1761058800000,1761080400000,2025-10-21T15:00:00+00:00,2025-10-21T21:00:00+00:00,4021.96,3887.3,3887.3,4417.91,0.01,6,stop,-1.3465999999999985,-1.3901009299999985,0.04350093000000001,0.020100000000002182,0.0,-1.3494999999999981,0.8644999999999982
451,ETHUSDT,long,1761480000000,1761541200000,2025-10-26T12:00:00+00:00,2025-10-27T05:00:00+00:00,4045.11,4225.73,3982.2,4225.73,0.01,17,target,1.8061999999999945,1.7607103799999946,0.04548962,0.020300000000002,0.0,-0.06110000000000127,2.0788999999999986
452,ETHUSDT,short,1761764400000,1761829200000,2025-10-29T19:00:00+00:00,2025-10-30T13:00:00+00:00,3913.33,3770.38,3963.59,3770.38,0.01,18,target,1.4294999999999982,1.3872395949999983,0.042260405,0.019600000000000364,0.0,-0.4922000000000026,1.5729999999999973
453,ETHUSDT,short,1762185600000,1762290000000,2025-11-03T16:00:00+00:00,2025-11-04T21:00:00+00:00,3585.58,3119.76,3743.25,3119.76,0.01,29,target,4.658199999999997,4.621320629999997,0.03687937000000001,0.01800000000000182,0.0,-0.9565000000000009,5.3058
454,ETHUSDT,short,1763294400000,1763334000000,2025-11-16T12:00:00+00:00,2025-11-16T23:00:00+00:00,3165.58,3014.19,3218.18,3014.19,0.01,11,target,1.5138999999999987,1.4799112649999986,0.033988735,0.015900000000001455,0.0,-0.15740000000000237,1.645699999999997
455,ETHUSDT,short,1763658000000,1763787600000,2025-11-20T17:00:00+00:00,2025-11-22T05:00:00+00:00,2859.77,2746.4,2968.35,2539.78,0.01,36,max_hold,1.133699999999999,1.102866064999999,0.030833935000000003,0.014400000000000546,0.0,-0.45059999999999945,2.3977
456,ETHUSDT,long,1764180000000,1764309600000,2025-11-26T18:00:00+00:00,2025-11-28T06:00:00+00:00,3027.18,3022.97,2940.18,3282.11,0.01,36,max_hold,-0.042100000000000366,-0.07537582500000037,0.033275824999999995,0.015199999999999818,0.0,-0.4336999999999989,0.42820000000000163
457,ETHUSDT,long,1764320400000,1764349200000,2025-11-28T09:00:00+00:00,2025-11-28T17:00:00+00:00,3065.15,3012.52,3012.52,3216.87,0.01,8,stop,-0.5263000000000011,-0.5597271850000011,0.033427185000000005,0.015399999999999636,0.0,-0.5578999999999996,0.3384999999999991
458,ETHUSDT,short,1764550800000,1764680400000,2025-12-01T01:00:00+00:00,2025-12-02T13:00:00+00:00,2833.4,2826.48,2925.99,2561.31,0.01,36,max_hold,0.06920000000000073,0.03807066000000073,0.031129340000000005,0.014200000000000728,0.0,-0.3958999999999969,1.1532999999999993
459,ETHUSDT,long,1764691200000,1764810000000,2025-12-02T16:00:00+00:00,2025-12-04T01:00:00+00:00,3007.06,3230.99,2930.4,3230.99,0.01,33,target,2.2392999999999983,2.2049907249999983,0.034309275,0.015099999999997636,0.0,-0.3701999999999998,2.3221000000000003
460,ETHUSDT,short,1765119600000,1765119600000,2025-12-07T15:00:00+00:00,2025-12-07T15:00:00+00:00,2939.84,2969.71,2969.71,2856.15,0.01,0,stop_entry_bar,-0.2986999999999989,-0.3312025249999989,0.032502525000000004,0.014800000000000183,0.0,-1.0035999999999967,0.013400000000001456
461,ETHUSDT,long,1765296000000,1765425600000,2025-12-09T16:00:00+00:00,2025-12-11T04:00:00+00:00,3246.55,3189.77,3157.87,3506.04,0.01,36,max_hold,-0.567800000000002,-0.603199760000002,0.03539976,0.01630000000000109,0.0,-0.8155000000000019,1.9956999999999971
462,ETHUSDT,short,1765555200000,1765684800000,2025-12-12T16:00:00+00:00,2025-12-14T04:00:00+00:00,3068.47,3117.4,3146.91,2839.26,0.01,36,max_hold,-0.4893000000000029,-0.5233222850000029,0.034022285,0.015400000000004185,0.0,-0.665300000000002,0.2736999999999989
463,ETHUSDT,short,1765810800000,1765940400000,2025-12-15T15:00:00+00:00,2025-12-17T03:00:00+00:00,3045.22,2958.38,3118.58,2831.25,0.01,36,max_hold,0.868399999999997,0.8353801999999969,0.0330198,0.015300000000002001,0.0,-0.14769999999999983,1.752199999999998
464,ETHUSDT,short,1765987200000,1766066400000,2025-12-17T16:00:00+00:00,2025-12-18T14:00:00+00:00,2901.77,2992.88,2992.88,2634.28,0.01,22,stop,-0.9111000000000012,-0.9435205750000013,0.03242057500000001,0.014600000000000364,0.0,-0.9313999999999988,1.1225
465,ETHUSDT,short,1766080800000,1766113200000,2025-12-18T18:00:00+00:00,2025-12-19T03:00:00+00:00,2843.03,2916.12,2916.12,2629.44,0.01,9,stop,-0.7308999999999969,-0.7625753249999969,0.031675325000000004,0.014299999999998363,0.0,-0.9189999999999964,0.700600000000004
466,ETHUSDT,short,1766325600000,1766343600000,2025-12-21T14:00:00+00:00,2025-12-21T19:00:00+00:00,2947.43,2990.14,2990.14,2825.22,0.01,5,stop,-0.42710000000000037,-0.45975663500000036,0.032656635,0.014800000000000183,0.0,-0.4920000000000027,0.022100000000000366
467,ETHUSDT,long,1766718000000,1766757600000,2025-12-26T03:00:00+00:00,2025-12-26T14:00:00+00:00,2973.84,2918.19,2918.19,3134.78,0.01,11,stop,-0.5565000000000009,-0.5889061650000009,0.032406165,0.014900000000002364,0.0,-0.6570000000000027,0.19039999999999965
468,ETHUSDT,short,1766761200000,1766890800000,2025-12-26T15:00:00+00:00,2025-12-28T03:00:00+00:00,2914.93,2945.9,2963.75,2774.26,0.01,36,max_hold,-0.30970000000000253,-0.3419345650000025,0.03223456500000001,0.014600000000000364,0.0,-0.4491000000000031,0.21929999999999836
469,ETHUSDT,long,1767488400000,1767513600000,2026-01-04T01:00:00+00:00,2026-01-04T08:00:00+00:00,3157.48,3127.32,3127.32,3241.65,0.01,7,stop,-0.30159999999999854,-0.33616639999999853,0.034566400000000004,0.015799999999999273,0.0,-0.3490000000000009,0.039299999999998364
470,ETHUSDT,long,1768345200000,1768474800000,2026-01-13T23:00:00+00:00,2026-01-15T11:00:00+00:00,3331.88,3363.08,3275.01,3495.8,0.01,36,max_hold,0.31199999999999817,0.2751777199999982,0.03682228,0.016700000000000728,0.0,-0.5651999999999998,0.7188999999999988
471,ETHUSDT,long,1768665600000,1768687200000,2026-01-17T16:00:00+00:00,2026-01-17T22:00:00+00:00,3329.8,3302.32,3302.32,3405.56,0.01,6,stop,-0.2748000000000002,-0.3112766600000002,0.03647666000000001,0.016700000000000728,0.0,-0.3438000000000011,0.0
472,ETHUSDT,short,1768780800000,1768888800000,2026-01-19T00:00:00+00:00,2026-01-20T06:00:00+00:00,3281.12,3121.36,3336.57,3121.36,0.01,30,target,1.5975999999999977,1.5623863599999976,0.035213640000000004,0.01650000000000091,0.0,-0.020799999999999274,1.7446000000000004
473,ETHUSDT,short,1768892400000,1768946400000,2026-01-20T07:00:00+00:00,2026-01-20T22:00:00+00:00,3113.64,2940.32,3173.49,2940.32,0.01,15,target,1.7331999999999972,1.6999032199999973,0.03329678,0.015599999999999455,0.0,-0.16360000000000127,2.0363999999999987
474,ETHUSDT,short,1769014800000,1769022000000,2026-01-21T17:00:00+00:00,2026-01-21T19:00:00+00:00,2888.49,2993.85,2993.85,2578.21,0.01,2,stop,-1.0536000000000012,-1.0859528700000012,0.032352870000000006,0.01450000000000273,0.0,-1.8085000000000038,0.2419999999999982
475,ETHUSDT,long,1769025600000,1769094000000,2026-01-21T20:00:00+00:00,2026-01-22T15:00:00+00:00,3055.61,2918.68,2918.68,3460.24,0.01,19,stop,-1.3693000000000028,-1.4021585950000028,0.032858595000000004,0.015300000000002001,0.0,-1.5150000000000001,0.007999999999997271
476,ETHUSDT,long,1769533200000,1769533200000,2026-01-27T17:00:00+00:00,2026-01-27T17:00:00+00:00,2991.09,2933.77,2933.77,3157.06,0.01,0,stop_entry_bar,-0.5732000000000016,-0.6057867300000016,0.03258673000000001,0.015,0.0,-0.7457999999999992,0.027999999999997274
477,ETHUSDT,short,1769698800000,1769796000000,2026-01-29T15:00:00+00:00,2026-01-30T18:00:00+00:00,2873.36,2672.78,2942.13,2672.78,0.01,27,target,2.0057999999999994,1.9752962299999994,0.030503770000000003,0.014400000000000546,0.0,-0.026399999999998727,2.3873
478,ETHUSDT,short,1769871600000,1769882400000,2026-01-31T15:00:00+00:00,2026-01-31T18:00:00+00:00,2535.55,2350.43,2598.95,2350.43,0.01,3,target,1.8512000000000035,1.8243271100000036,0.026872890000000003,0.012699999999999819,0.0,-0.1901999999999998,3.331500000000001
479,ETHUSDT,short,1771812000000,1771837200000,2026-02-23T02:00:00+00:00,2026-02-23T09:00:00+00:00,1854.0,1901.93,1901.93,1713.93,0.01,7,stop,-0.47930000000000067,-0.4999576150000007,0.020657615,0.009300000000000638,0.0,-0.6380999999999994,0.045899999999999185
480,ETHUSDT,long,1771984800000,1772053200000,2026-02-25T02:00:00+00:00,2026-02-25T21:00:00+00:00,1918.31,2097.43,1857.32,2097.43,0.01,19,target,1.791199999999999,1.769113429999999,0.02208657,0.009600000000000363,0.0,-0.41250000000000003,2.316399999999999
481,ETHUSDT,short,1772262000000,1772283600000,2026-02-28T07:00:00+00:00,2026-02-28T13:00:00+00:00,1840.58,1899.95,1899.95,1666.2,0.01,6,stop,-0.5937000000000012,-0.6142729150000013,0.020572915000000004,0.009300000000000638,0.0,-0.6930000000000018,0.06470000000000027
482,ETHUSDT,long,1772467200000,1772524800000,2026-03-02T16:00:00+00:00,2026-03-03T08:00:00+00:00,2047.42,1970.86,1970.86,2272.99,0.01,16,stop,-0.7656000000000017,-0.7877005400000017,0.022100540000000002,0.010299999999999728,0.0,-1.0075,0.4157999999999993
483,ETHUSDT,long,1773615600000,1773684000000,2026-03-15T23:00:00+00:00,2026-03-16T18:00:00+00:00,2184.84,2339.27,2131.88,2339.27,0.01,19,target,1.5442999999999985,1.5194173949999985,0.024882605000000002,0.011000000000003639,0.0,-0.21519999999999984,1.6015999999999986
484,ETHUSDT,short,1773835200000,1773925200000,2026-03-18T12:00:00+00:00,2026-03-19T13:00:00+00:00,2266.97,2109.6,2320.93,2109.6,0.01,25,target,1.573699999999999,1.549628864999999,0.024071135,0.011400000000003274,0.0,-0.02769999999999982,1.6006999999999971
485,ETHUSDT,short,1774137600000,1774144800000,2026-03-22T00:00:00+00:00,2026-03-22T02:00:00+00:00,2082.32,2107.51,2107.51,2010.95,0.01,2,stop,-0.25190000000000057,-0.27494406500000057,0.023044065000000002,0.010499999999997272,0.0,-0.2635999999999967,0.36750000000000227
486,ETHUSDT,long,1774267200000,1774396800000,2026-03-23T12:00:00+00:00,2026-03-25T00:00:00+00:00,2134.97,2155.3,2101.34,2231.54,0.01,36,max_hold,0.2033000000000038,0.1797035150000038,0.023596485,0.01069999999999709,0.0,-0.329699999999998,0.5757000000000017
487,ETHUSDT,short,1774609200000,1774702800000,2026-03-27T11:00:00+00:00,2026-03-28T13:00:00+00:00,1988.69,2039.09,2039.09,1841.53,0.01,26,stop,-0.5039999999999987,-0.5261527899999987,0.022152790000000002,0.01,0.0,-0.6067000000000008,0.2249000000000001
488,ETHUSDT,short,1774825200000,1774825200000,2026-03-29T23:00:00+00:00,2026-03-29T23:00:00+00:00,1971.84,1984.15,1984.15,1938.88,0.01,0,stop_entry_bar,-0.12310000000000174,-0.14485794500000174,0.021757945,0.009900000000000091,0.0,-0.21960000000000038,0.0
489,ETHUSDT,short,1775095200000,1775224800000,2026-04-02T02:00:00+00:00,2026-04-03T14:00:00+00:00,2097.51,2047.21,2162.37,1907.13,0.01,36,max_hold,0.5030000000000018,0.4802040400000018,0.022795960000000004,0.010499999999997272,0.0,-0.010499999999997272,0.8196000000000027
490,ETHUSDT,long,1775602800000,1775732400000,2026-04-07T23:00:00+00:00,2026-04-09T11:00:00+00:00,2220.31,2189.51,2136.13,2468.41,0.01,36,max_hold,-0.3079999999999973,-0.33225400999999727,0.024254010000000003,0.011100000000001274,0.0,-0.6030999999999994,0.5269000000000006
491,ETHUSDT,long,1775750400000,1775782800000,2026-04-09T16:00:00+00:00,2026-04-10T01:00:00+00:00,2218.1,2180.19,2180.19,2327.43,0.01,9,stop,-0.37909999999999855,-0.40329059499999853,0.024190595000000002,0.011100000000001274,0.0,-0.4428999999999996,0.2805000000000018
492,ETHUSDT,long,1775934000000,1775955600000,2026-04-11T19:00:00+00:00,2026-04-12T01:00:00+00:00,2305.54,2268.9,2268.9,2410.82,0.01,6,stop,-0.3663999999999987,-0.3915594199999987,0.025159420000000002,0.011599999999998546,0.0,-0.9753999999999997,0.2444999999999982
493,ETHUSDT,short,1775959200000,1776088800000,2026-04-12T02:00:00+00:00,2026-04-13T14:00:00+00:00,2216.81,2214.0,2281.16,2028.24,0.01,36,max_hold,0.028099999999999455,0.003730544999999457,0.024369454999999998,0.011100000000001274,0.0,-0.18070000000000164,0.4380999999999995
494,ETHUSDT,long,1776121200000,1776250800000,2026-04-13T23:00:00+00:00,2026-04-15T11:00:00+00:00,2353.15,2315.72,2274.74,2583.61,0.01,36,max_hold,-0.3743000000000029,-0.3999787850000029,0.025678785000000003,0.01180000000000291,0.0,-0.5155000000000018,0.6325000000000001
495,ETHUSDT,long,1776434400000,1776499200000,2026-04-17T14:00:00+00:00,2026-04-18T08:00:00+00:00,2437.07,2373.34,2373.34,2623.42,0.01,18,stop,-0.6373000000000002,-0.6637572550000002,0.026457255000000006,0.012200000000002547,0.0,-0.7207000000000017,0.26789999999999964
496,ETHUSDT,short,1777269600000,1777399200000,2026-04-27T06:00:00+00:00,2026-04-28T18:00:00+00:00,2320.37,2289.3,2382.76,2137.92,0.01,36,max_hold,0.3106999999999971,0.2853468149999971,0.025353185,0.011700000000000727,0.0,-0.08349999999999909,0.643399999999997
497,ETHUSDT,long,1777759200000,1777759200000,2026-05-02T22:00:00+00:00,2026-05-02T22:00:00+00:00,2325.74,2320.47,2320.47,2336.83,0.01,0,stop_entry_bar,-0.052699999999999816,-0.07825415499999981,0.025554155,0.01169999999999618,0.0,-0.0925,0.016900000000000547
498,ETHUSDT,long,1778454000000,1778468400000,2026-05-10T23:00:00+00:00,2026-05-11T03:00:00+00:00,2374.16,2323.27,2323.27,2522.04,0.01,4,stop,-0.5088999999999987,-0.5347358649999987,0.025835865,0.011900000000000546,0.0,-0.5576999999999999,0.07720000000000254
499,ETHUSDT,long,1778770800000,1778821200000,2026-05-14T15:00:00+00:00,2026-05-15T05:00:00+00:00,2287.14,2239.97,2239.97,2424.05,0.01,14,stop,-0.47170000000000073,-0.4965991050000007,0.024899105,0.01150000000000091,0.0,-0.5088999999999987,0.3146000000000004
500,ETHUSDT,short,1778853600000,1778983200000,2026-05-15T14:00:00+00:00,2026-05-17T02:00:00+00:00,2211.56,2168.22,2260.94,2067.86,0.01,36,max_hold,0.43340000000000145,0.4093112100000015,0.02408879,0.011100000000001274,0.0,-0.20440000000000055,0.5105999999999995
501,ETHUSDT,short,1779062400000,1779062400000,2026-05-18T00:00:00+00:00,2026-05-18T00:00:00+00:00,2128.81,2130.92,2130.92,2126.76,0.01,0,stop_entry_bar,-0.021100000000001274,-0.04452851500000128,0.023428515000000004,0.010700000000001637,0.0,-0.021900000000000548,0.2588000000000011
502,ETHUSDT,short,1779480000000,1779566400000,2026-05-22T20:00:00+00:00,2026-05-23T20:00:00+00:00,2063.56,2101.19,2101.19,1954.83,0.01,24,stop,-0.3763000000000011,-0.3992061250000011,0.022906125000000003,0.010399999999999637,0.0,-0.8344000000000006,0.5655999999999994
503,ETHUSDT,long,1779570000000,1779631200000,2026-05-23T21:00:00+00:00,2026-05-24T14:00:00+00:00,2146.68,2090.5,2090.5,2310.87,0.01,17,stop,-0.5617999999999984,-0.5851044899999984,0.02330449,0.010799999999999272,0.0,-0.7107999999999993,0.03180000000000291
504,ETHUSDT,long,1779793200000,1779807600000,2026-05-26T11:00:00+00:00,2026-05-26T15:00:00+00:00,2127.86,2100.4,2100.4,2205.95,0.01,4,stop,-0.27460000000000034,-0.29785543000000037,0.023255430000000004,0.010700000000001637,0.0,-0.5140000000000009,0.11799999999999727
505,ETHUSDT,short,1779919200000,1780048800000,2026-05-27T22:00:00+00:00,2026-05-29T10:00:00+00:00,2019.07,2013.8,2067.41,1878.12,0.01,36,max_hold,0.052699999999999816,0.030519214999999815,0.022180785,0.010199999999999819,0.0,-0.1500999999999999,0.5358999999999992
506,ETHUSDT,short,1780639200000,1780768800000,2026-06-05T06:00:00+00:00,2026-06-06T18:00:00+00:00,1682.51,1552.56,1751.44,1479.17,0.01,36,max_hold,1.2995000000000005,1.2817071150000006,0.017792885,0.00849999999999909,0.0,-0.06720000000000027,1.7891000000000008
507,ETHUSDT,long,1781200800000,1781330400000,2026-06-11T18:00:00+00:00,2026-06-13T06:00:00+00:00,1688.91,1664.47,1643.79,1820.9,0.01,36,max_hold,-0.24440000000000056,-0.26284359000000057,0.018443590000000003,0.008500000000001364,0.0,-0.3774000000000001,0.043599999999999
508,ETHUSDT,long,1781474400000,1781528400000,2026-06-14T22:00:00+00:00,2026-06-15T13:00:00+00:00,1718.76,1780.55,1697.02,1780.55,0.01,15,target,0.6178999999999997,0.5986537949999997,0.019246205000000002,0.008599999999998999,0.0,-0.10309999999999946,1.080999999999999
509,ETHUSDT,long,1781532000000,1781575200000,2026-06-15T14:00:00+00:00,2026-06-16T02:00:00+00:00,1814.21,1776.36,1776.36,1924.13,0.01,12,stop,-0.3785000000000014,-0.3982481350000014,0.019748135,0.00910000000000082,0.0,-0.4800999999999999,0.3456999999999994
510,ETHUSDT,short,1781798400000,1781928000000,2026-06-18T16:00:00+00:00,2026-06-20T04:00:00+00:00,1680.35,1707.37,1729.04,1537.72,0.01,36,max_hold,-0.27019999999999983,-0.28883245999999985,0.01863246,0.008500000000001364,0.0,-0.3848000000000002,0.09789999999999964
511,ETHUSDT,short,1782396000000,1782396000000,2026-06-25T14:00:00+00:00,2026-06-25T14:00:00+00:00,1536.23,1590.41,1590.41,1376.83,0.01,0,stop_entry_bar,-0.5418000000000006,-0.5589965200000007,0.01719652,0.007699999999999818,0.0,-0.5742000000000007,0.0
512,ETHUSDT,long,1782756000000,1782792000000,2026-06-29T18:00:00+00:00,2026-06-30T04:00:00+00:00,1628.2,1580.73,1580.73,1767.3,0.01,10,stop,-0.4747000000000003,-0.4923491150000003,0.017649115,0.008199999999999364,0.0,-0.4955999999999995,0.0
513,ETHUSDT,short,1782824400000,1782867600000,2026-06-30T13:00:00+00:00,2026-07-01T01:00:00+00:00,1551.03,1582.91,1582.91,1458.51,0.01,12,stop,-0.3188000000000011,-0.3360366700000011,0.017236670000000003,0.007799999999999727,0.0,-0.34920000000000073,0.01869999999999891
514,ETHUSDT,long,1783000800000,1783130400000,2026-07-02T14:00:00+00:00,2026-07-04T02:00:00+00:00,1711.03,1747.13,1660.4,1859.45,0.01,36,max_hold,0.3610000000000014,0.3419801200000014,0.019019880000000003,0.008599999999998999,0.0,-0.2599000000000001,0.6447000000000003
515,ETHUSDT,short,1783814400000,1783864800000,2026-07-12T00:00:00+00:00,2026-07-12T14:00:00+00:00,1785.79,1818.32,1818.32,1691.86,0.01,14,stop,-0.32529999999999976,-0.34512260499999975,0.019822605,0.00900000000000091,0.0,-0.37529999999999974,0.07529999999999973
516,ETHUSDT,long,1784034000000,1784163600000,2026-07-14T13:00:00+00:00,2026-07-16T01:00:00+00:00,1861.64,1914.06,1819.43,1984.51,0.01,36,max_hold,0.5241999999999984,0.5034336499999984,0.020766350000000003,0.009400000000000545,0.0,-0.07630000000000109,0.851099999999999
517,ETHUSDT,long,1785081600000,1785132000000,2026-07-26T16:00:00+00:00,2026-07-27T06:00:00+00:00,1914.72,1970.41,1894.86,1970.41,0.01,14,target,0.5569000000000005,0.5355317850000005,0.021368215000000003,0.009600000000000363,0.0,-0.06730000000000018,0.6727999999999997
518,ETHUSDT,short,1785193200000,1785322800000,2026-07-27T23:00:00+00:00,2026-07-29T11:00:00+00:00,1891.52,1911.2,1950.52,1718.32,0.01,36,max_hold,-0.19680000000000064,-0.21771496000000065,0.020914960000000003,0.009500000000000454,0.0,-0.3738000000000011,0.3570000000000005
519,ETHUSDT,short,1785610800000,1785618000000,2026-08-01T19:00:00+00:00,2026-08-01T21:00:00+00:00,1834.82,1843.62,1843.62,1812.13,0.01,2,stop,-0.08799999999999955,-0.10823141999999955,0.02023142,0.009200000000000728,0.0,-0.10400000000000091,0.026799999999998363
520,ETHUSDT,short,1786460400000,1786507200000,2026-08-11T15:00:00+00:00,2026-08-12T04:00:00+00:00,1871.74,1890.17,1890.17,1820.16,0.01,13,stop,-0.18430000000000063,-0.20499050500000063,0.020690505000000005,0.009400000000000545,0.0,-0.2108999999999992,0.19519999999999982
